Категория;Подкатегория
Крупная кухонная техника;Двухкамерные холодильники
Крупная кухонная техника;Морозильные камеры
Крупная кухонная техника;Холодильники Side-by-Side
Крупная кухонная техника;Газовые плиты
Крупная кухонная техника;Электрические плиты
Крупная кухонная техника;Посудомоечные машины
Крупная кухонная техника;Винные шкафы
Крупная кухонная техника;Напольные кулеры
Крупная кухонная техника;Настольные кулеры
Крупная кухонная техника;Измельчители пищевых отходов
Приготовление пищи;Микроволновые печи
Приготовление пищи;Миксеры
Приготовление пищи;Мясорубки
Приготовление пищи;Мультиварки
Приготовление пищи;Электрогрили
Приготовление пищи;Кухонные комбайны
Приготовление пищи;Хлебопечки
Мелкая кухонная техника;Электрочайники
Мелкая кухонная техника;Тостеры
Мелкая кухонная техника;Соковыжималки
Мелкая кухонная техника;Кухонные весы
Мелкая кухонная техника;Электровафельницы
Мелкая кухонная техника;Вакуумные упаковщики и су-вид
Встраиваемая техника;Духовые шкафы
Встраиваемая техника;Панели электрические
Встраиваемая техника;Панели газовые
Встраиваемая техника;Вытяжки встраиваемые
Встраиваемая техника;Встраиваемые посудомоечные машины
Встраиваемая техника;Холодильники встраиваемые
Встраиваемая техника;Морозильники встраиваемые
Приготовление кофе;Кофемашины капсульного типа
Приготовление кофе;Кофеварки
Приготовление кофе;Кофемолки
