Название товара;Подкатегория 2;М-видео;Цена М-видео;Эльдорадо;Цена Эльдорадо;ДНС;Цена ДНС;Ситилинк;Цена Ситилинк;Яндекс Маркет;Цена Яндекс Маркет
Холодильник Candy CCRN 6180S;Двухкамерные холодильники;https://www.mvideo.ru/products/holodilnik-candy-ccrn-6180s-serebristyi-20070161;35999;https://www.eldorado.ru/search/catalog.php?q=Candy%20CCRN%206180S&utf;35999;https://www.dns-shop.ru/product/7d08c5e0d072ed20/holodilnik-s-morozilnikom---candy-ccrn-6180s-serebristyj/;35999;https://www.citilink.ru/product/holodilnik-candy-ccrn-6180s-serebristyi-1396216/;35999;https://market.yandex.ru/product--ccrn-6180/667254003?sku=101627848785&uniqueId=42916340&do-waremd5=5x0laHXmE-iteAbaEky6Bw&sponsored=1&cpc=oF05LIrqZr6AF8M-PTFafV0mLWVoxWrB-l8El5kh6XBIUEUSwIK_8_K8rhw6UBM4uyEef_4pst_Beu4R90SXoDm4woXbAdHCU_OAb7qqZpgyu2MR0U-JgZeqYgCWiufcsUcZnS8wtXGuizeO3rigNzy5qbDc58pbrbzOWuFdoqCHwP8hkHqetarwlZivKPtNKvnDyKbe18ncOEcNtSpvqWpqBP4cWxCHedJoYeji8d-qVeMHAAhjJy78TyCviVuwntZQma2ILqX8nnpe8ZhExYXnfNCi4b20pU2F811CgWZFFFFMpRNXEFHNFWaF2oeo2fQScC1XXDk684pQg7ZRUgn8VmnzI2wHFt3muT-8wfGizFBYg8L3xZz12iEFsNFivvPPZYC4OBJkR-w7N3jEKRidJssOEc35vAV8hPwhqJ4ItW3sG2yFmyk-dFagEjmL6mzDqB1va4Ug_jpIAebOZk-ySIaL5c5T76kDIgAC8Sx03SXaDA8Qf-CRSM8GTfdb3h5s1mG_Iw7gLEFjPMJRHpF-hx24UiPHzfpPirtU6UY%2C;35999
Холодильник LG GC-B459SECL;Двухкамерные холодильники;https://www.mvideo.ru/products/holodilnik-lg-gc-b459secl-400291860;65590;https://www.eldorado.ru/cat/detail/kholodilnik-lg-gc-b459secl-590291860/;65590;https://www.dns-shop.ru/product/038dc70f3233e694/holodilnik-s-morozilnikom---lg-gc-b459secl-bezevyj/;37799;https://www.citilink.ru/product/holodilnik-dvuhkamernyi-lg-gc-b459secl-invertornyi-bezhevyi-1896423/;57070;https://market.yandex.ru/product--kholodilnik-lg-gc-b459slcl/1808560744?sku=101832991102&uniqueId=924320&do-waremd5=d63k4Z0bRPxzAs2HKWjq_Q&sponsored=1&cpc=hVt4S4N4pkjTbfKHwBS7MjVQBnkMQdWI8Tp6BlpQ59xHrsT13tJtyPvMGcgQcgY2W2JtvAUCdxWrSC6vkaT1_D5FzRo4cKCPvN1TrQTCPbQ7i7U_oK82wuCz5f3hMFCLZYG6jKERDVJ8abxlKv6p4zYyp9jfvNHKyBEqjzAdqyr31TWOyPK2WnDR7zV4hYG0tsXi26lUaHTUr7XHNkDNVaLngp1_05CdgBd-t69_af0Uvsi8Gb7ZEDwxUuMbn5w6GmTM06VlRBFdxE-i1bt0KcnHpW9Ss-58NmFy3GeGEE4dJoOLxwj_4bHYePMfej-vjTJqVBT4Ctd4PL_HN47Yz4nfvUK1qG4FWAWQUm_pUSlsMW08iOcRgox1Rykl2Ieq4xWaaecbqS4Fkd7kmUx9MecASOgE-PNrr0e5jVNF-k6mQgaxh-V4c5hpXph6zqyVB3J_JEnqJTUCgqVX69RqtRmXiWVf9X-n9NLhDP0cGaSR_WKReYTUyYOPGwTEXAWI0xBm4d8nHPQb6635XaR_M19Y8wC0M9uZD34oi4NuooY%2C;54867
Морозильная камера Haier HF-82WAA;Морозильные камеры;https://www.mvideo.ru/products/morozilnaya-kamera-haier-hf-82waa-20038672;22499;https://www.eldorado.ru/cat/detail/morozilnaja-kamera-haier-hf-82waa/;22499;https://www.dns-shop.ru/product/ee6b9b6845b63330/morozilnyj-skaf-haier-hf-82waa-belyj/;22499;https://www.citilink.ru/product/morozilnaya-kamera-haier-hf-82waa-belyi-b30hq1e06ru-1807075/;22999;https://market.yandex.ru/product--hf-82waa/1780792013?sku=39584000&uniqueId=82994844&do-waremd5=eQkb2wkKCORhsiyEP6V6kA&sponsored=1&cpc=DyJ_BbJd9XqqItKbAnaEfDumHoj-UYh831fF1f8pQ2PRzgKfx-HZvplK0PXNLlDoRqIRqaoAFCbv9wIkMLoqulMJ7DsosJ_9iRS_drJFCPWZ98K8fwoeE9Kn0Pwc89n4wNb4tNMQDwzUCti6JJJa8Zc7QIhYijFUKrwkj1eLo0vRy2nTICyBCaWS2ChQFtADMcdY959SkZNdprlPaj3Nw8oSS9XVBIEJU1K6WgbXXZi8Ku2vo7aYXQVuXqcwJJZV4MBeMRLuLcX9AbCW3yVXsNspUp_Lcuis0uUf-r234aelROzRap9_7QOFp1vycDp4NaQ07BCeF4Xw17aZE_VZIXWcOt2eEBZqbk8Mc_F-NoUTIgp1Hib2XafdmJh0izRMOpgEP3P9OXTYaI07ey1OR9mBRWif3j2rAvYyTO80-lDu-1Ysp0c_MUwGElc3AojE8ruZpuq882JcZj9MKCeCLw-7fzUY0l_Hw2rsb92hlxmLQ58IFS86H_I6Af77Cvix6PfQYPnr_wtGg0bmUkCcGaxzcm_xpTGyE5DfhkxdmBw%2C;23399
Морозильная камера Hyundai CU1009;Морозильные камеры;https://www.mvideo.ru/products/morozilnaya-kamera-hyundai-cu1009-400298673;26999;https://www.eldorado.ru/cat/detail/morozilnaya-kamera-hyundai-cu1009/;26999;https://www.dns-shop.ru/product/455e1ea7ff393964/morozilnyj-skaf-hyundai-cu1009-belyj/;21899;https://www.citilink.ru/product/morozilnaya-kamera-hyundai-cu1009-belyi-1941885/;22290;https://market.yandex.ru/product--hyundai-morozilnaia-kamera-hyundai-cu1009-belyi/5962219?sku=102410918465&uniqueId=16258215&do-waremd5=NXu-IAEkgmO9Y9jbjZ0gKw&sponsored=1&cpc=yPNmEc1cWp6DfYGmcWeisZGt37LN1NGmZPzIvt53kTRdUYUtMOku6BltalRMoCGmBiR4FymYqByKAiA5nbTlOhpniiNiE247LUjTjQvL3TOWMhh98NQtgnbHvwztJk_03X4q9fROVZQXn2G6g7DMLRJNmqMHEuVcb_GFDuVd4a-Rk2Nf_pYb19odVBJuUafhMg7rq4LMoa8f0Byy1qQGV-s9B1Hs2W2d4DJYQqPiGW-cJgZ7a4Zg6ApKPwbWnhDK6kRZw4qRa0UHq6oaudn0k7f4g8APTfXNhB_kZFaFdVn7klrDh4A1v8fwp9PpOvFN1npbXVOmP4hhmniAwketF3TlxPUqYradDqdCLNvi50Up6FToanu0JfgYSTGhZxCxz2aJ0vyjVQ_FBmr_Q2AXKH7-oZhpscvjP_NYyHEU5AU42habt-0QLSVKyRNkV3Ic47d_ACz8Kt7U9aEpwHmrr1q-T5jnOV9rDPIz4fQqOEsS1gA3-t3CpDvEjjSfNMFwuixfHDZwkRYXBlRYF3_2nebkatJDxHf0cNnFI7H7Eh4%2C;24857
Холодильник Hyundai CS6503FV;Холодильники Side-by-Side;https://www.mvideo.ru/products/holodilnik-hyundai-cs6503fv-4192180;101999;https://www.eldorado.ru/cat/detail/kholodilnik-hyundai-cs6503fv/;112490;https://www.dns-shop.ru/product/f700f2746cd6703d/holodilnik-side-by-side---hyundai-cs6503fv-belyj/;86999;https://www.citilink.ru/product/holodilnik-dvuhkamernyi-hyundai-cs6503fv-no-frost-side-by-side-inverto-1455467/;78900;https://market.yandex.ru/product--kholodilnik-hyundai-cs6503fv-dvukhkamernyi-white-glass/226589731?sku=103196250841&uniqueId=924877&do-waremd5=GlLxfzsCSr8h_aO-xuquMQ&sponsored=1&cpc=hDceEsRzpnzyhzq1DVJnaIcwThZv0M4MPW1ikeLGacK4DANhFMaOEZ7VHjqDpkbfEzj9hCV6LXpsJE95Tzih2qKH5Q_yfaX7022UGRhLOx3eCFx7u06s6gDtPWHvbWnGEkVGJQUBvxkG0z-ddV45020i0ur9bKb4xM9JDpJHGelHB9wGxU3Ae4aPYQ2sJ1CCnDDEnl4q2aN2fPs6Vpfsdah1XJuqvq9prXDxvdlYSfoLLXLPuC5Yvdt6aNFjr4efnRQzrWHVxGHVk3ZYx8AoPwyOmJZ2uWJQSLqzqUvKQyZ4L9uDS6-SEbLRF2vnGeSlac0SQqxaAeajHp52Uf6czXEo1t0ZVyMZp8wXuJea_l2SleZcGrrYRVszNgQSaaRSkOu_SV9szCDGaKTO71KZK01e2EI7DhmE6IYoWuFtq1JV2dcdT7_SLjc9T3Rw6oYF32xaz1J2AWmcISFTRaG2ZzwjC67hVTpp6VSLt4qPutc3TBe_SFznT3G7-9NLlmRpr84yCYiv8AmjkspZng71b-ciILkPfEuFCNzltubL0gc%2C;97998
Холодильник Hyundai CS6073FV;Холодильники Side-by-Side;https://www.mvideo.ru/products/holodilnik-hyundai-cs6073fv-4199932;134490;https://www.eldorado.ru/cat/detail/kholodilnik-hyundai-cs6073fv/;122490;https://www.dns-shop.ru/product/5577f04cf7fa3333/holodilnik-mnogodvernyj---hyundai-cs6073fv-bezevyj/;83799;https://www.citilink.ru/product/holodilnik-trehkamernyi-hyundai-cs6073fv-no-frost-side-by-side-inverto-1455462/;109230;https://market.yandex.ru/product--cs6073fv/1780788621?sku=677009553&uniqueId=16258215&do-waremd5=MLT1Dgz6Op41motmx2oQ5A&sponsored=1&cpc=NZNjU6w1CJlm8xsMRfcqlVk34MJJaOR9kEqRQDl93-PqtqIU7EyR9gtydHFTS3DXp1pxdG_KtrJSPZm-bpx7Jo7vAlvrLqRMpVglvfKJMxcrifPGB45ptp9pe4HJHTzGrK58RdRZJt1_yY2fpUK2Ss5xkVy6hCSGmEppebdTZgyEiL_-AsyjmM8x2RfGATedb3nyyYxrlk_aE2Rvi3hJwS956OWHEqRDOKCaAA7QT65ZORO01D3HyCA4rwuKNNP8XuJ3Dosxb1LxUso_YA5ZYNglkauUtyqi_fQkfsIqstij4CUR2OpxUe9AJSJVoZH3zZ2s2rOsmKiP5Fac5gnBiImzk_X9AdwogGP4RSI7lwjRpHTmnvSfVoWPbMgsSDmuFpV_qDNjBY7U8vXZTq-gq1fAoxf9Aiat4J4aMBTCuP1yxBKvPeePM-8i-tcUhiLXqLByP-ng5hWjdbllodK4rm_2PUvciUvGcBLtCDAZZRf4QuSSQDVQ_tcyNa8_cMIORHSMZVcfAbpiu2Ak8jmrZQcYSvYlZHApzMJnHmP8VyY%2C;100814
Газовая плита Gefest ПГ 5100-03 0004;Газовые плиты;https://www.mvideo.ru/products/gazovaya-plita-50-55-sm-gefest-pg-5100-03-0004-20047048;41900;https://www.eldorado.ru/cat/detail/gazovaja-plita-gefest-pg-5100-03-0004/;41690;https://www.dns-shop.ru/product/ed4ab46b1d3c3332/gazovaa-plita-gefest-pg-5100-03-0004-serebristyj/;40290;https://www.citilink.ru/product/gazovaya-plita-gefest-pg-5100-03-0004-gazovaya-duhovka-steklyannaya-kr-489306/;40060;https://market.yandex.ru/product--5100-03-0004/33222102?sku=101641025789&uniqueId=769149&do-waremd5=uDRD8Ytw4Z-mrNtCU0ZvQg&cpc=6SI22jbl5VfwrrzYuUwHBS_FsDfZdpNwqoIkJsLJuxAyb8Fror6t3SQBj4ZSSR05JurraLeI6a5CLsTXrxjhQp8b9Q1cWT9km_l8VCvlvHjoxZC7RUp3_53_vqv_nRKVroWerXVEO_3yJMPXRuKbR3V9Rd1gv1C386gQdpKN9g0JqPeDydXPI41Q8JyOjy1crEIquM5kPQv8HY4Zgb2A18BBXwHzd37S1s28ANNcdanRDuUCITCcJ-2ZpQFJhfOe4QNet_praiUWHicpapLyIV2G2o2WGNLfXOH9sWjm3uZCj_mN4TlU9O-Y3Quy-J4u9V62Ss06zKEcBGloO6Am5XuJL6mDHbr7ZtLOb-znXu2ajXgX1P5iXhnaODelfDHisWaUUEFmcpJhUug_4mhKUooatKIyFALGYuOmSt3gUyy3f2FU-LRQ1G1_IYIsA9sB9HsCgvapyh8muAiXEliPx1z_0MBEGoBoy8ddD2iHDgHrfS-wrZbQ1viOgEbMtzMOLqBczF0-oiE%2C;38638
Газовая плита (50-55 см) Darina 1AS GM521 001 W;Газовые плиты;https://www.mvideo.ru/products/gazovaya-plita-50-55-sm-darina-1as-gm521-001-w-400281440;17990;https://www.eldorado.ru/cat/detail/gazovaya-plita-darina-1as-gm521-001-w/;18490;https://www.dns-shop.ru/product/043eb9c3204d3330/gazovaa-plita-darina-sgm-441-001-at-cernyj/;17599;https://www.citilink.ru/product/gazovaya-plita-darina-1as-gm-521-001-w-gazovaya-duhovka-stal-belyi-i-c-290487/;15690;https://market.yandex.ru/product--1as-gm521-001-w/1780149343?sku=7083217&uniqueId=892410&do-waremd5=ZDAOmvwGkNXbKfubkNcdSA&sponsored=1&cpc=OC0YLE6_QRqNcFhMQw7qKPLZgNBbIRKkNJOgll9NOs2E1gT7VsVNz67PFDKDyj9KnU6Vo_4egZ_dA62TEyP6Qt_VqrQA9bohGHcnyWkUbWvkKR7knbp5kuHM7OqpvwTGRZPxcDhDb2muDEr-irygRtUq4yjP_IddiebCC6rcBOGYLabFH-C51k9RqRRK1f5pZi32xu1ZltOk8cRzWOmGtGMNEA1gQj5Wp5GT9QQ1_y4Z4NINeTHMilnjBJJkXb-CmgKQU2cqE0vpPg2v98priz94L8BsGQ9kI58mgAgoVax6Xq3SmmxbdU2-d1kp-QM1wPl-hdFLd2r6T4VSIcTNJd_qZscH0r6b434nR-kIgeh5cwqPvl6ofxiYrsJ2ZX30-JCLjN4Y1_ZEj_yRhpAoU_NXiKjgOJ7_12jxVzaV1ZLYb3KmE-mJIQDGOOKgZl6oMtDUy_yl2tNRdSR8pSTXhMMCofLMlcxkwRmpwiggDRckONxtEoPBAGNK0YPmHxX2kdKgcLCwllAeVrXhpkp7IPyJg-torGuxB-tXC8m7_hw%2C;18607
Электрическая плита Лысьва ЭП 401 СТ;Электрические плиты;https://www.mvideo.ru/products/elektricheskaya-plita-50-55-sm-lysva-ep-401-st-black-4166731;18690;https://www.eldorado.ru/cat/detail/elektricheskaya-plita-lysva-ep-401-st-black/;18699;https://www.dns-shop.ru/product/71066a64b2293330/elektriceskaa-plita-lysva-ep-401-st-cernyj/;16199;https://www.citilink.ru/product/elektricheskaya-plita-lysva-ep-401-st-emal-bez-kryshki-belyi-599399/;17570;https://market.yandex.ru/product--ep-401-ct/285918867?sku=101645663751&uniqueId=923940&do-waremd5=X3NAKHz4v5G4iXp0uKQvAg&sponsored=1&cpc=HW3JMH2HqcWOGrqidj0fphF5Wve_ot-9eQUjVyu2tGSZChkYzSRY-ASHjVrfxbw9Dh523OCRMYPcm4pyO4HRLrePyAOhXwgXPs7GLx1foTLGKFotdBTnR4yWtF4cMb6g1OuVKw4FxmE9JghgcToD30WAP0-a68_kQENGQZbJgJFNgQ894FK58Uqv6HxI6ZwRgayCdgStV3uZ9gVXZnwVwQdcVvId4C9l_ncVDvH2EIVLnjL0uYo0GAzNTe9GcZKdHZk8XnQ_a-12F-FY-D-_D_nVWHKvSTCVjn9153A_7BpuyNvq2rawMJadfbgUQPJW9NLvlgTK7GiWgS7yJ3qsSJAkCMfD8Iw27g08pX_Wp3NnDZVheiRf4HhsqPoyZOIwqGzo19Jodx3IH6T4F9ObePW_VLxFYC57lSzuhioGJHjSxVxCWd7HRIP1GZUmdFpZar4VwKOrHK4lRAgqi6jjkc_HjLD09M2BD90nhnv-cFzhIVdWCNdBsPqOSDPwxtVWcu35fk05pAMSWik020vDMAju5rKxT3Da;18261
Электрическая плита Gorenje GEIT5C61XPG;Электрические плиты;https://www.mvideo.ru/products/elektricheskaya-plita-50-55-sm-gorenje-geit5c61xpg-400335024;75999;https://www.eldorado.ru/cat/detail/elektricheskaya-plita-gorenje-geit5c61xpg/;75999;https://www.dns-shop.ru/product/090995f7c770364e/elektriceskaa-plita-gorenje-geit5c61xpg-seryj/;62799;https://www.citilink.ru/product/elektricheskaya-plita-gorenje-geit5c61xpg-steklokeramika-indukcionnaya-1844035/;69974;https://market.yandex.ru/product--plita-elektricheskaia-gorenje-geit5c61xpg-nerzhaveiushchaia-stal/1778593952?sku=101815278391&uniqueId=140252400&do-waremd5=OuO9JyYBi9DUAKVCron-zQ&sponsored=1&cpc=BdhCkQOSNSS1U_bVCbhn-9VHN-scTCkuAtG3MTBr6LbE1Rudi3nP90DO55B1gXXKKOeAda-5PJ0RyQ2FfgQhvK1PoY_uGCT-KVV6Rq57UcV0xWOjqXagmv1nlqBLezg0H2jJf085XD0iVG-Hpqdoxl1n7x48zU6L_nUq6zkMP6H-Pjs2063AYVSGSvmXyyYksJbfYC5nADy1oab173xXflGvqFoBIw96Z0d2E44wWEJrw-StnfZZR2ho0Mr46cv8XUmY1ijRVgXaEJbsLaEI92wc2RmImZPdBEc9uWfQhzp03nD5tucTxbm2OiIuevIpH0hfYpAR_6O90C3rvAEHbGCKF7eJE15GLSTHyXr3Ing5OCY9rX45d3Z8FL2tJFFe-Yw7-Tax1262x0TVe3fYpEvuhX48Prqba3SNtb2g8r0FRjOAmFrO75Gd5kUWrzw6oyhvDDhod71BiqiU_0eTyJ_qXG2zgwoOkJJKBb8HpDh2U-Fo0dCyABwXqdbePiK8Q3CJRxTtCtJ2MA5xO013J4NdoAcs9oQQwwxBc7c3pog%2C;54333
Посудомоечная машина Gorenje GS520E15W;Посудомоечные машины;https://www.mvideo.ru/products/posudomoechnaya-mashina-45-sm-gorenje-gs520e15w-400362694;27120;https://www.eldorado.ru/cat/detail/posudomoechnaya-mashina-gorenje-gs520e15w/;27290;https://www.dns-shop.ru/product/8ff1c24772adc824/posudomoecnaa-masina-gorenje-gs520e15w-belyj/;27199;https://www.citilink.ru/product/posudomoechnaya-mashina-gorenje-gs520e15w-uzkaya-napolnaya-44-8sm-zagr-1634691/;27190;https://market.yandex.ru/product--gs520e15/1779346169?sku=102095824868&uniqueId=4852853&do-waremd5=u89D--7opej1VaPfRo8-9g&sponsored=1&cpc=M_AxeQ9XYzAORlIZP8-s284k39kozBfj1pURuudmfpeYyJPeg4kHZNx0RVQSYARyqR47pL19U_digDUhnZvmb8fNwrX03JZBHC1koQEe62I22etRYGiVcPD3Cvpoxsc1lfCkuwM-HfYuPYSuqL7EWqw_a5-XifYi8wDB0-WsfSY6TVPATEjb2M0Woc2_oq21lOqCPfy2Z-f5Vedjmiqd4jKq3hGQL3UIEhvul4vZ0DVMwKC6TW415A0zGCtds-9LTvlFnaITRVTiEZSJrzOT66qPs5qYHeTpJmUdy0f3UZRNLjMdGIxs_TzxkFf-CTseR8pegUAxWfAuNXqPxbk3JpAb2tKDUZjFs4eGWA4WXLYCRBF1U2eC7LkKQpUiZKiYXxVX1sbXEdcCgJHmqGclI7kP7OggpxCSYwebveVmYgMVAjWK-Htr35DI4xaK91aI1aCL6ZI32VElaCqrnT4n5wY363PJmBVWxKWFo7NQ0OA7Q5VJKKGoq5I1UdyThxlfl_E5VS_hJyY61SoqoOWUCGicE93dnQQSvxA9vJ8e_Og%2C;27990
Посудомоечная машина Hyundai DT405;Посудомоечные машины;https://www.mvideo.ru/products/posudomoechnaya-mashina-kompaktnaya-hyundai-dt405-20075840;22490;https://www.eldorado.ru/cat/detail/posudomoechnaya-mashina-hyundai-dt405-590386779/;27390;https://www.dns-shop.ru/product/bb966efdf6241b80/posudomoecnaa-masina-hyundai-dt405-belyj/;24999;https://www.citilink.ru/product/posudomoechnaya-mashina-hyundai-dt405-kompaktnaya-nastolnaya-55sm-zagr-1204434/;18550;https://market.yandex.ru/product--dt405/1779345263?sku=1657908218&uniqueId=16258215&do-waremd5=lo5QOioROiiHJd_t8SQdhw&sponsored=1&cpc=z9Ep1WEK4D7Wum0K9WgD4G9BZTf8Fi5Y9PHEPdQG-O1c0x6xjw_-VK83jsqMKJDdoBsdD-DsxvFQGSnvnVDLBkAgIlnWxsyzIoRExOtY3FapdW6kn7lcrE_4zGJjm4894Kh9GjkapRJGSCabkltdNKMahnTfsvIO2pevq1rhbxsFN6VwuyovyfKUJXIJqRmOFoGMuM4Jn2UJ1REtKIMB5dmEBJM2YyShnW8u18s9BEDjLffhk8ODAoYCijVhemjF0Y0Bt4sQqGf_1vR-iXqAruXWSMXaXob28XP0r0a72xJP2SPmMM1nwxSIQPLsgp3iWv6cexTJC2XznwmAONyqrNtxnZKc13pkOD5iSkTMwhLPnzqPRo5wXh9mbH991AOHaUNqQKmLSIoFaLfcd-bLZOW03a7jNWUM4p6VlR-_lxDgSpBq8e87NcB1Y7TS6dhOoedczm-yXKj0uKvTyQZTcWLZf3sEe57xORa04ELiBvrs3U5WrnWKGpjnowBVCqDHVtZAvobgDNyp9rqwCE9WqvXS0Eh73GieHhw6ZZBZUiw%2C;25673
Винный шкаф Maunfeld MFWC-85S34;Винные шкафы;https://www.mvideo.ru/products/vinnyi-shkaf-ot-140-sm-maunfeld-mfwc-85s34-400063440;52990;https://www.eldorado.ru/cat/detail/vinnyy-shkaf-maunfeld-mfwc-85s34/;52990;https://www.dns-shop.ru/product/2b470a9821306759/vinnyj-skaf-maunfeld-mfwc-85s34-cernyj/;46999;https://www.citilink.ru/product/vinnyi-shkaf-odnokamernyi-maunfeld-mfwc-85s34-vmestimost-34-butylok-ch-1895654/;46720;https://market.yandex.ru/product--vinnyi-shkaf-maunfeld-mfwc-85s34/1788369531?sku=101872041889&uniqueId=923940&do-waremd5=DYvNdlfIr1ny_Np_at6UcA&sponsored=1&cpc=f4ZMPX6EH9gCR-yAeQ_gg1CcrNy7ic48LLUZF8MRIJ2KZpPWKaxnxofgEllQXCGkBAHA-r1FfJu0350BAL_g9dfOxWtQ1n68cm8shPpiVWOBjok_2hjvoh3A410ziSTvxNTGDq67pnx5AEzel-Y-7kitKyi-63AgC3GixulysaiqqWCkLt_AxhzWloC6GiSS5sFT7CUZ0TjOEAGSnNolhDXofuXz8fXYtEW92piw_gesyV1d1RQsM5rORnqomu4jNzpDUv3knUZ_zuVX0Lzucgycnj2g6n5qAYagwedJ594Ki06dQYlvGRxzmQscq6SaFgSh2nlzPPpdNpus40bUKg28718Xmf2D4fpM52L_yiX_Zsqn8wfSOkIf9vYvzK7M-aR1sCofiMx88CYvHn1fj_aiEuErLRAodFgNFnPh7gt1G4vq9PMcNtICjv2Eyyc5MkleGvklZZ9hyFZ7dWNNWXyEX1TQ_IUq2H-_bC4QJ15cmCJbskpNBaCXCazJSEFaF31j2YXb8x-3be5J2fswIf945pDf2znKFJRuIdp4Pbg%2C;46656
Винный шкаф Maunfeld MFWC-40S14;Винные шкафы;https://www.mvideo.ru/products/vinnyi-shkaf-ot-140-sm-maunfeld-mfwc-40s14-400063434;29999;https://www.eldorado.ru/cat/detail/vinnyy-shkaf-maunfeld-mfwc-40s14/;29999;https://www.dns-shop.ru/product/bb21e5c8c9161914/vinnyj-skaf-maunfeld-mfwc-40s14-cernyj/;26999;https://www.citilink.ru/product/vinnyi-shkaf-odnokamernyi-maunfeld-mfwc-40s14-vmestimost-14-butylok-ch-1895652/;26150;https://market.yandex.ru/product--vinnyi-shkaf-maunfeld-mfwc-40s14/822803581?sku=103597088828&uniqueId=1230862&do-waremd5=0SnSd6GtkRIf7vAlBYH8bw&cpc=IJCTlAu8dfrocReEpivslfP7Q4dWT1QlGF-EoE3PLrwjvJc3qZm6t7-OkW6IBladH9zsiAPDBVijUt9tn_Y3XVfG8W6tevMqidVqYJUOmQwYFN8HyptgPD_-3t4YtDicDx3zEKsvtgWIFLcSUYbxRrg3bcnArVScUaLIwyrkX2Jk_56Q1Y_j_9OSnKoIdaycTVQCDvWiXq5jvr8lpLpg3IyIL9Lu35StYw5uBRFsZnB7NvpmwSGGXDl4WriI5XoQfQ9UVZ2FrApIx5p_bBKIKwqdDq_AvBqojVxRmBlS4TTPjx9wCEMzxKMHMGKO0l6nECZYFuSCLSvGwNogGgzKwqoyLRaxvP2J3I95uZ_WlKiNqWfhMzEbldT3pYz4J-2SDbn8Nv6dGv9-Tx0iWVv3Cm3l-j009IB1hDqOJ7H26FDD8kh2mGGOt-zGCwUm1s3EakVXxOPEMg6cOs3NPFxLHm555HBf07IVbHGCKIyr-op8Frhka4yioLJl2L5sG1KAnJDmKegyzJQSi9BE9O3ZFK-FV-1p0TP-;25345
Кулер для воды Ael LD-AEL-28c;Напольные кулеры;https://www.mvideo.ru/products/kuler-ael-ld-ael-28c-black-silver-chernyi-400093082;9800;https://www.eldorado.ru/cat/detail/kuler-dlya-vody-ael-ld-ael-28c-chernyy/;10430;https://www.dns-shop.ru/product/d31a2ae18d80c819/dispenser-ael-ld-ael-28c-serebristyj/;11290;https://www.citilink.ru/product/kuler-ael-ld-ael-28c-napolnyi-elektronnyi-belyi-serebristyi-2044135/;9400;https://market.yandex.ru/product--ld-ael-28c/453251982?sku=100653990383&uniqueId=1091542&do-waremd5=hh9k4nSP8NmYybBMAH-QVw&sponsored=1&cpc=YXdvJnQzKjzulGb3Y418hhNQu1Lv1hIOQGV03ejCesKUPVhflsfGsv5xWAsut9SBKfxVDoclBHJK2NQn6GQ8urlTDPvXVEDtlnWoshlB8KFjlqsP6qTCEEbMAZGz2AKvjMRxN33iI5V5mXU_pbROS1LFT63m3sbpJKilbiAhOA2xz9GikNWBlO71MMPbss0P-7gnAuU5MObe857jvHppjlnLWg4C0XVdiUk0oIjuNcEtrzk81v3X1MCF4ySA0aZqXg8dpFAa-h0C3jjKEBzzORRxdsYh89D3iKhf0aXO1ArCqwRMOJXneaVWnfcbLLUUuVBfyXVZpJh-Tnota5WZqdmdMqy3Y-xapdkFSv6sRiYwixOhLKF7FaImuMMY8rY-dUdVNuwff2pENo2nOC0_D0gSW-BXDWIZ_Y6-i15z9RnTB5WlHd4tfdDfjDaaXjhl7LWXH3orl-hVYZn0Bku6gLvEfhfuCo6LojVFsSkvteW8sdW9Hc-EawRp8gS3B2IEhtbZv3ien-Uvp-7b3s2GDdq23KVKMPtX33yYxZc_IeY%2C;9841
Кулер для воды Vatten L06NK;Напольные кулеры;https://www.mvideo.ru/products/kuler-vatten-l06nk-400393846;29990;https://www.eldorado.ru/cat/detail/kuler-dlya-vody-vatten-l06nk-590393846/;29000;https://www.dns-shop.ru/product/0f576c11a7d89128/dispenser-vatten-l06nk-serebristyj/;29190;https://www.citilink.ru/product/kuler-vatten-l06nk-napolnyi-kompressornyi-seryi-chernyi-2044012/;29560;https://market.yandex.ru/product--kuler-dlia-vody-vatten-l06nk-nizhniaia-zagruzka-chernyi/1147953089?sku=4370157338&uniqueId=923940&do-waremd5=lB-1vqp8Lf4n851jQR-Neg&sponsored=1&cpc=ZvwCtPbEwcwO6e208kwHv0XToe7JJ32Hzli3yCAm7Ya0LiinBfDZCL5dEt88qdE89HLFauUxwNQdjqodOofW8QVgTdOw2D-uzJq86ZKHd0EDptFBGcj9I-5bXIT8PwQD0pHqt8m-L8FPQGbmK1tPzTkLidJAxjBQlino6DYylyrx9xrTEvPdCIf_HAWPAdRBPt3A6HozbkGnJvp7D2HTY0Wle9cl3s9okFY2tVlX3qHSVO5uoz5GjT7IFrpIWP-avMnzebhhg-T3dxVeITuHjrBXoVpgdHXBjIfVz7hZm7G4aUs0pLkuwFyyeOc3gP3zU75Surea8IUKgdP8OOsBlgQ8sO9ZFChYqC8DYApiNsNnCSUhWkeHKoBddtxbo-Q4_qC3e-HZZP1HFGu84ZWEfdKAmvVev3KymurIBYZQgpIOFC-rmcNddwFeDcytT_-vm_lIDU1VfskEkocaPifx_TV3MRxyjMa13mJFGEmfOgwj0tqnPtFQ41jnDXeR_TmzSa_dm3PpZZ1_tdTnkx74xNBS-50dwU_3uQKBiRNgGR0%2C;24734
Кулер для воды Aqua work 0.7TKR;Настольные кулеры;https://www.mvideo.ru/products/kuler-aqua-work-07tkr-silver-4027526;5000;https://www.eldorado.ru/cat/detail/kuler-dlya-vody-aqua-work-0-7tkr-white-black/;4390;https://www.dns-shop.ru/product/04234851d1fe2ff4/dispenser-aqua-work-07tkr-belyj/;4099;https://www.citilink.ru/product/kuler-aqua-work-0-7-tkr-nastolnyi-push-kran-serebristyi-00000024765-1513725/;4480;https://market.yandex.ru/product--kuler-aqua-work-0-7-tkr-white-black/497174753?sku=103195027168&uniqueId=924877&do-waremd5=mh1ZNfyuskQwCmxcwfF1Ow&sponsored=1&cpc=JsPz5TEOm2Rqi2aik_ORW8pMvWGl4mbgVKO83eO8qE1tA7f4O8Asxly1PyvlzotLmC5EaTkahqbEJSJWZj7cH303TcsTrwICKikiRdBGD-Sc_NWM6C_PWzvMHrA5OfYJ3lcPZ9gxdGw9PoQTICkaeqN8nr1qGyQuHXZ8tHfW-h3z-E8edC7sczpyNj0bulOHNeN_Bkb3PQnW-9dXogJeTP7_MzZmB9T9z6rJAMOPyJeBJEQfVfi61BybKF0c-j3CDrdvytkTQh95M-DuQLEKeXf4r6qrl7iL35TSBxaifA3b0fokMQjpkXGfuw_q3p6cCzMcQlocGjm2368VIWxVcjmrm_v9o1y9szl0gZovrYH2DmathMsG3cwQ5FWpmOUx4VOPhOWOhkYFK_jO4iUqPvu11e7qxZFsr69SEH03WdQNOnutGhYCsAdWgk8qG3g7RfyPuvu4GOZS-6Oezw_KVkBxDnUlKVyG8jbmvPx-0Ni0qhPmMf_kWP85IwXFffSLBPHEYlF3hYEyppJvl1jqG4kpEPVFh2xMytleZzz5wRw%2C;5365
Кулер для воды Aqua Work 0.7TDR-ST;Настольные кулеры;https://www.mvideo.ru/products/kuler-aqua-work-07tdr-st-27641-400070093;7900;https://www.eldorado.ru/cat/detail/kuler-dlya-vody-aqua-work-0-7tdr-st-27641/;7900;https://www.dns-shop.ru/product/212a36484c66c78b/dispenser-aqua-work-07tdr-belyj/;6300;https://www.citilink.ru/product/kuler-aqua-work-0-7-tdr-nastolnyi-elektronnyi-push-kran-belyi-00000024-1435674/;5310;https://market.yandex.ru/product--kuler-dlia-vody-nastolnyi-s-nagrevom-i-okhlazhdeniem/400658746?sku=103316329607&uniqueId=156885724&do-waremd5=WV5mvQrB2x_3n9XiST2OdQ&sponsored=1&cpc=3W055gmMTbCNct8KTQrZcimMGFckj3pKKOqiC8lPYBe8j-_OSZaFrPaeKC0kLjZx_gFuUhxPcTW00Ky15eyvc1HxPbhalpWlKTbMpcOEO2z2tZ0O0F6_xaMf-eIcAf72HpmWK6ZbsrizNPdBDTOwWC3dY9255pbgPSv6Vfz_laYGrsT1QnCGtG57I_oxBz_W3WxJ0y7rRvFpNsnBR1a-esm77AsgOSyscLEPd7bDdF-JR_Qc0YpZa5S8PbyzHHVp-Iu2LUZjnlE1wcvdOunZ9RcqWLYbjXb1FYXhL1qCAvzN8SzvxwJmLJQX3vi9zsHSsLpBNYS5eRu5IGhSldov7vAJVAJctUsd-xsq7p9JDT8s4t4FhmE7L2l6oedSe9FdpPhu5ClhoQTZl99BCexiXnpRRQQc6sV2AWmg2UxWwNpsqXPCrwe7Yz4bbKrrX4_BP9TtJfB8Lp7imgXInWrRVK1NqFV0wUaz6ZpINDfLKM_pGz97NPzKFcNNBh-OuAUZq3vmmpREuAN32L2hZdL2EoqJiDWCXO4qackWJaUCPpQ%2C;5961
Измельчитель пищевых отходов Haier HDM-1370B;Измельчители пищевых отходов;https://www.mvideo.ru/products/izmelchitel-pishhevyh-othodov-haier-hdm-1370b-20082579;23990;https://www.eldorado.ru/cat/detail/izmelchitel-pishchevykh-otkhodov-haier-hdm-1370b/;23999;https://www.dns-shop.ru/product/116f86a0b554b75f/izmelcitel-pisevyh-othodov-haier-hdm-1370b/;23999;https://www.citilink.ru/product/izmelchitel-haier-hdm-1370b-700vt-chernyi-2052426/;22590;https://market.yandex.ru/product--izmelchitel-pishchevykh-otkhodov-haier-hdm-1370b/1768895807?sku=101795719481&uniqueId=923940&do-waremd5=HE45tuRbOV7kE_SzQDqKOQ&sponsored=1&cpc=a-ub3dtKrofvcnHskVjLg0dVdkkzFLVtQhuMRShEui-wN0TFdSOyUrgSYkukP74CjZ1dQrBTbnKsBGE9aPFsFu-EpuB4EZhdNc0pPNeklD8vbhM-ppKJhawp4ZqpWKFGbj_I7gF0UszEPY0zCHdVSYVz1hw5HYnIEQ34LIwm3Kknpr-hVl3sfeYECq6_yVWuSC8HWIP1h386D396uoKFOo6z5Pk805A4hzX-xO92ixKMdEWCAune7fZ7ghVRPxmMR7nJZACj8xEOa6__6iFRuDFq3v1Gx5wW-Vi9e-E6zI3GMOVRq_oArW3nB97PEQeOoEi871qnQ2j7D_ngRRg4MdsW2QqrHu7wx5rsxZVbtkR-esVw-9j35G5Qef2_eZR6dDofaUSTwWAVh3HDoMaPC0a4Z6sJqaGeuAbxNe6SG9yLVrmrs2xyceCSNBmIXHmx7StKumC6adtvxkqjpig1emovMQFKxaZoelBjCeMPOT_-5sdUCM02ANUZpGr2IMT2hIJ4t2CYHr0EfzVyrGYk-hpSA6FYW4KCjZz8I4jyxSY%2C;23999
Измельчитель пищевых отходов Maunfeld MWD3801;Измельчители пищевых отходов;https://www.mvideo.ru/products/izmelchitel-pishhevyh-othodov-maunfeld-mwd3801-400115369;9790;https://www.eldorado.ru/cat/detail/izmelchitel-pishchevykh-otkhodov-maunfeld-mwd3801/;9790;https://www.dns-shop.ru/product/9b4783d90a0597fc/izmelcitel-pisevyh-othodov-maunfeld-mwd3801/;7890;https://www.citilink.ru/product/izmelchitel-pischevyh-othodov-maunfeld-mwd3801-380vt-chernyi-ka-000191-1922988/;8450;https://market.yandex.ru/product--izmelchitel-pishchevykh-otkhodov-maunfeld-mwd3801/1826802106?sku=101976955917&uniqueId=892410&do-waremd5=dyfBIgbj8QVuxAC_IIsROQ&sponsored=1&cpc=Zx5rYmY6GWfk2C1cmcr-Agaa-nfRBM062Q3sgzfrECEg5GDUx_sGagAW2faXGBNh8VH9mhrOboFPG8NtCIhyef-qpxfc_VwCiPsuqc0lP8UYRuxQ6bVR3qdvznxYH2g1zEGGisfI3Jrwx3PcQo7Q7L5PpeU2EVTFp0tZex3T8bjWjpD_G5F25csXUxXjLXpNwtt-px342fdzzBC7gcoJBxDene76YMb1Zy-Osx9v4cMEBt_KT9-Gqn_hTlPh2zEe6MURYW6ydNshDH5nB8tJiLRONJlcwUu2XKzQx6BHIbHDBC_bzwsJSCDn5-TM2k3_-o-AGAY6S9S7TWgSNxKcK1pjZKmItkgXDMfudyg3oBtDKtRY6WwTfxKzsCx90Ad1oP4zIhZLpIrreuZKTUl_56A6AuutWbqDO3mVvafxd6Q25IgQ95-Q-AqYr3p1IJN8nNXfW4tM4gvjXBu97mKAjIe4BVS6xOvRMntHzWYYK_HfzdrCebXvEYtJ_OtSTP92qrSONHW81pdgjlj8recRlZ14OuzZIPP12oetVfibqF4%2C;10133
Микроволновая печь с грилем Gorenje MO20E2BH;Микроволновые печи;https://www.mvideo.ru/products/mikrovolnovaya-pech-s-grilem-gorenje-mo20e2bh-20083143;7999;https://www.eldorado.ru/cat/detail/mikrovolnovaya-pech-gorenje-mo20e2bh/;8999;https://www.dns-shop.ru/product/b1acc44f6f5e3a76/mikrovolnovaa-pec-gorenje-mo20e2bh-cernyj/;7999;https://www.citilink.ru/product/mikrovolnovaya-pech-gorenje-mo20e2bh-800vt-20l-chernyi-1911560/;10090;https://market.yandex.ru/product--mikrovolnovaia-pech-gorenje-mo20e2bh/1789457960?sku=101879425761&uniqueId=4852853&do-waremd5=GZm4DglCHjBPQgVh35brhg&sponsored=1&cpc=AB1twTUwOlgy_eGEW5TIxvCkLmWLPKFLtLSdWqN0u1_UI0Ax9E83hcDGRNKZN4UUx2R1ShFpLZ0_g6QR-BBAtBEIQq2qlxuv9GmBjD3OBaKJFqRiCNVU4OWbZ-tuwkAEpOwbVuUjWp7p6YQqSO0Zdn3EahcjX3ZOxDhShxfZT5Bo3VTOfzEhqQ8Xnk82NVQOFdsM2xfZp-CWhwznixJIhp2rh4t1hUmytYf3XbZbnoEZ8fIKT2xcEZFlKgvcRs6T5NXiduz0BDMY8HUP00lp32VhwGoEWenMuTh4graoQZ4nkGFVjhUwPHXmoc8RT4pjaZzEpkmrCjfIFZsEXyT_2uOkMDrI_Uk2n8xx1p331PUNXiGuZ2vyuwsn2ZyaWFlspeWtUm3InQriaIFBQFLgofkpEzO0AqK4Np06Kq0hME-UTeb9t1e9kE6HJdF0wmH-BSV1TylgfAS6G6CA0t1PO3blws3o0N2Jduzn1gwcv5H8052OdhHsx_-NHyFElGH3LdCLiQHg6kkcwiYvKnOQ6TgoRC92v38czefdu3T90iA%2C;7999
Микроволновая печь Samsung MS23K3614AK;Микроволновые печи;https://www.mvideo.ru/products/mikrovolnovaya-pech-solo-samsung-ms23k3614ak-20083503;8190;https://www.eldorado.ru/cat/detail/mikrovolnovaya-pech-samsung-ms23k3614ak-590455442/;13390;https://www.dns-shop.ru/product/e38cfcd666f33330/mikrovolnovaa-pec-samsung-ms23k3614ak-cernyj/;8190;https://www.citilink.ru/product/mikrovolnovaya-pech-samsung-ms23k3614ak-bw-800vt-23l-chernyi-1137382/;12400;https://market.yandex.ru/product--ms23k3614/489004200?sku=101727715826&uniqueId=119485579&do-waremd5=lJ7m63Ze6cKVxlVzflYo6w&sponsored=1&cpc=Ssw7UHVD8z4blhYOrIdzVgjBWsSo7CPg3trBt0xCuRsQ40SvDQ0v4AppmFrBKV_M0QtwqTj78flL_QUI2zPSTFBvBlx5Ppu--Q4fc7BzwCdFJVz5TXD2fQM4YTA8ycEWrAax1WC6OVAAJx8h6c56UOLyp0xd_0nZOpGsdSjXQYFXp028DV7Z7aQLb-jyutQrZLIuvv_OtI-vxbdhvkO0vfmy1ZNS1iukhLjMczHBq76MJPvH4H8n5fv9Hwc4dKtLyc0lxKQxy5D0RO5WtcDyA9u3a8EuDe7O5gezzNsMVYbNhmXg_RP1YY2W1AJm76CAobBFr_K79do3p0Bk1wM68l-IpRN5ZI_9fABZKxfJJhNAb_kJOcbJQ25oMh9cZOjOEl7nMCICHf2qANqLldyDh1WJkxPYLRGD1Ycvw2V05JuDYQVoqMFxNgrfXjRNokkCT5LXgC_Bd52S4OtSCiS3HkKu0Jne9Wg_nDKfq4mBUYkkwjXs8bhVD86s0tTIu3dVcK5PW4xs2OBQA08PsMy4vAIiHUCtyVpX1JOxfULYT88%2C;9800
Планетарный миксер Starwind SPM6161;Миксеры ;https://www.mvideo.ru/products/planetarnyi-mikser-starwind-spm6161-400038930;9094;https://www.eldorado.ru/cat/detail/planetarnyy-mikser-starwind-spm6161-590038930/;9094;https://www.dns-shop.ru/product/b1c10edda0492ff4/mikser-starwind-spm-6161-zelenyj/;7399;https://www.citilink.ru/product/mikser-planetarnyi-starwind-spm6161-myatnyi-1543712/;11490;https://market.yandex.ru/product--spm6161-6162/1755421684?sku=101766219745&uniqueId=923940&do-waremd5=tDBWA8GbIfYWv4hJK23iYg&sponsored=1&cpc=j0_F9-McptUYcougxt3et0v5vrAVFfWPl2Fg_MWcerHr3X_9tl5XOb3YlRzfmmNCnxmD5fvI9QPVh9-rVLmgMqKCtq8Z2YEc5ULziGjcXprXJeZm9DJ63KM1QVSZ6m-qU1jN0wHDIpALWXfOzMZ5EJNcsFXHKI-VfcsuftXoQvq43SzpYTgp6HTa6ZhP_etUGEMl7AUa88ZiUibcwfukaTWD8jSALMW3auxCzL-h7ZSr0_9qp-jgN51flMag_23zTV8gXWk_o0wEF1h_BPbquxuT8DqnH9ROSamLkMUOqkBJOFJrVa6w6Z0oHryNZ4ah4_iy9sFzpPmeEMUwj_OXpOLOYwM0l42zpj7joica9fGU8n5eYoAuy3nx0HL77MYlOAUN1qEOezPL7oAYZT36qe9ncwtfv7pen9R9QZ9kbUFcy8MreKIscRJ_ZQM3ZbqjGtvRlcRJaqYsZNJzAhnyfqpKVWoHlr48gU7An7FKL4i1mHRSS9gFEFvgfOKYpOIU-A8FeXgdLyrXuQSLeAVQuAjn3fn3voqsb9s77tm9RIU%2C;8704
Блендер стационарный Candy CB-150;Блендеры;https://www.mvideo.ru/products/blender-stacionarnyi-candy-cb-150-20083030;3199;https://www.eldorado.ru/cat/detail/ctatsionarnyy-blender-candy-cb-150/;3199;https://www.dns-shop.ru/product/e2045cdf29f1ed20/blender-stacionarnyj-candy-cb-150-belyj/;3199;https://www.citilink.ru/product/blender-stacionarnyi-candy-cb-150-800vt-belyi-2087849/;3199;https://market.yandex.ru/product--cb-150/1773132923?sku=101834138810&uniqueId=1075896&do-waremd5=QsWAEQevbghlfGnc5tpk4A&sponsored=1&cpc=RrQO8FSOECqcWQv_O0wg_QiZUj2DjTU1-NJh9V1E2IDqkVcoc9U2nCW2av2uANLLKD6WtlKwfZuMvXEuP9Rt7_bSi9WKjK7GPIqCd6f32TvDKyqv8bcFgpNn8eqX3gPgLsUWJbx1qiGQSat0geX8O3TStkF74h8FcBD1OMRE1O9rH6gc7QvxT9aj9FRUicaPblak2uyBkFrxvE_Orf4NQ5Uc7Jaq-6Qb5vXzuJN5uWp6thnhGkpjfS1ZODyiI8BbLtEU_U7gOk0pW1mpwAEseF5_BAPc5z1G0D_ZrIAGMNtqoWSB27zOINQ2jkkW-2CtiGpOBIl7IG-O0DBDCPP5zeWhTtUL2RRe2tnmq17-z9H3fFiNwiAj-g7Uc4uKW8ucrhF3IrMbPZ_8iV8LuYSZN_ySvQPkWb8IZPvrFmepQnWlRA5DPw5bJYhBG6AIC4xy_-UqvdNYzycRcCUoRMRdSWb9RoH2b8RlD3yTRkUEQdWtpnbuojoqHAJIkqBGIKrd4lJtKQISGafAOGf34IqWi2yiDY_kZRxZ8oCW2lJEVaE%2C;2560
Электромясорубка RED SOLUTION RMG-1213;Мясорубки;https://www.mvideo.ru/products/elektromyasorubka-red-solution-rmg-1213-chernaya-400178745;5999;https://www.eldorado.ru/cat/detail/myasorubka-red-solution-rmg-1213/;5999;https://www.dns-shop.ru/product/35fb717d8e8f776d/masorubka-elektriceskaa-red-solution-rmg-1213-cernyj/;5799;https://www.citilink.ru/product/myasorubka-red-solution-rmg-1213-6-chernyi-1979239/;8590;https://market.yandex.ru/product--miasorubka-red-solution-rmg-1213/1911637324?sku=102237543060&uniqueId=46441231&do-waremd5=0bmmlve_B1TuwXqLgIV5Zw&sponsored=1&cpc=Xzmh60_LCIDb9P0NBb0OgQXVbNBTp1MhRJ5s1oUNZd5hw33m_g4P0X9ciMqAKaz10sUc3eYTNoVAxIxMYzYw2GGI0K6i2BDfHFGUd4jsk1--8-x-TMDqAkzoNtzRezgiw7T4nKORhLbaSOfwM6vzMTAAP5iJ9xE6pxMjy7QfeDaACeDcNWkf1XXVqgpw9t5_B_f_yzU-ns7sksFT5tEsoDWWqmu_5w7OCCf-SuSaV9qij6DZgJfqheuUqU65ds2fwdmJse9fh8nfgcK_jzM7NxX90ckacvLli6G0AMLaA1WmcmXJiOI6vxK4f2fOr7oawaCXv1MjSKCrOtgfnSCptfMyoEpIWPKKn1aEcDwSG0BVjiSKKJMFF8B1jbfvfv2zWmNsYqAceLeLr6RVIlCYlGj2BQ07W5kmBtWWM5PnBoChmYZs8Q1C7pJW2udfuclWyLsRm_jTEnkG4neFLfxcOyIkSvzAIhAcwk-41M2PsSmd2XYINOjlt0WUpbWnBogdKZsfXE265DOIfENOhj8ULO5dCoEvR_e_rYJt996-ET0%2C;4949
Мясорубка CASO FW 2000;Мясорубки;https://www.mvideo.ru/products/elektromyasorubka-caso-fw-2000-400369748;20650;https://www.eldorado.ru/cat/detail/myasorubka-caso-fw-2000-590369748/;20605;https://www.dns-shop.ru/product/971692936a863330/masorubka-elektriceskaa-caso-fw-2000-seryj/;14550;https://www.citilink.ru/product/myasorubka-caso-fw-2000-2000vt-chernyi-nerzhaveyuschaya-stal-2062820/;22140;https://market.yandex.ru/product--fw-2000/13202559?sku=100360118773&uniqueId=1033559&do-waremd5=_XdxUyYc8YZf93hcFTGIlg&sponsored=1&cpc=unHmhvgMEZCf4h5sOgKDI5CP6YdDnUFpZOHOHTrdr97LCSk9LUccdaOx4RN5pI1fAwBmrRZXOjkVZlW3a1gg9hQr_Zv6rTl5sAuraFWdd8OgntVJW_QtqCE-CziTN7iAu0YmZiHZekt7BIkusBdb3y885NBbKKfIBWIs81JhDdT7R6224Oz6_UOOgvkICdKBOJNC7359npLVikpMPnNeiFDS2adEreiFBoMd1kVjTXr_USNqen4QH9ODtHLJL_XQPALj__jdgq8p4CC-0kvcpv6lgxlRSiM8rrsrXcD1UVWUx8Axfyeqy3MMz_d7gm41i56MNBbX3l6V8cP4bWiLnnKlUcEBetBv-t3uzPUkUIN4RBTfsnpd0mq9I-NtgeRKycYjf55FrvlN5mt6HnKnOHh1nq2JqnlEz76d4DS2ILvMZiVVRNpKrSPKQdPosxW0UV88ukWvpmSeyAzwMzsa1OQTUXBRQ3ntOjrLb59cezxQP4Pjr0facixEmFUtlJgYeAL7CMihUyUulCh4LqEffDbAtPMTpfM3PlJlcsBI9jk%2C;14243
Мультиварка RED SOLUTION ColorCook RMC-88;Мультиварки;https://www.mvideo.ru/products/multivarka-red-solution-colorcook-rmc-88-400314814;9999;https://www.eldorado.ru/cat/detail/multivarka-red-solution-colorcook-rmc-88-590314814/;9999;https://www.dns-shop.ru/product/1016e8ca1c02ab41/multivarka-red-solution-colorcook-rmc-88-cernyj/;9999;https://www.citilink.ru/product/multivarka-red-solution-rmc-88-860vt-chernyi-1992028/;12790;https://market.yandex.ru/product--multivarka-red-solution-colorsense-m4100/430115514?sku=102918332928&uniqueId=46441231&do-waremd5=f8m3zvtdLIj6uFwWY0-g7g&sponsored=1&cpc=0Bt8PiU8RgGBMeH7PRf_uVBfimpE4U9ZN5QVKCj_efPyA4LIMXhXW38T7vMdU5eNcoAmdgooyETOdzvPmH8wzT8cajTJ4zwp_BRZG1-8OgfkeCffxc8GL9rp3mDBcXC1ilkPpm6z8Cxq_Dy3eqaS9uUVdwTk-XgHlG-BDDeZkinJTZbQtyibhFnV1NxAIkriDwKT4r5HNBBh-V106PyWvdfmvBREY80_emdfdoReaeybEoxGR5lsXrwhzU1xtM53Pc9bel5fU_NNJDeKk2z62MKOxiSLQECyYyS2KF1_6NiFYXiLbKzXDpdjarOCOQ1IK4bKyu_mJS98iUchBLDtvCIA2zCljeGWSQaLy6qdebbzuNVJTtwsdZ7NM_gcoihNosEP_PMYQhAgBHAvipwiygLP_oMpOywImOljzLdVSvEnSlmKbftmbVRlajaZX-wC38hNSodtBdOyuf3veA8cyao8NEU0gf1A5o0wRqxaAoYuXYBwisiFtZid8_SCz0lwsheGASv-c1r4z_ExGJzjCfTPkzIdwv3L6tP-EGq0aDI%2C;10800
Мультиварка Midea MPC-6020;Мультиварки;https://www.mvideo.ru/products/multivarka-midea-mpc-6020-20063714;6499;https://www.eldorado.ru/cat/detail/multivarka-midea-mpc-6020/;6499;https://www.dns-shop.ru/product/d03a00b3722a3330/multivarka-midea-mpc-6020-serebristyj/;7299;https://www.citilink.ru/product/multivarka-midea-mpc-6020-seryi-1623280/;6470;https://market.yandex.ru/product--mpc-6020/651838592?sku=100866523236&uniqueId=897725&do-waremd5=jv5uK1Y5ylEVpFvWQYsDxQ&sponsored=1&cpc=kw9VN-tsz_1taRDxXfuIWJbDAXK3NyQOc4NOS1WQffw-btmUfnXJCaCNylBq9RBTE434t618lpLcv_hMCT1omgZLOMAUO8KmNEi1MZZLksjmI3NZ7TMq0mtT6uNkxJCp0yFxYaDlVeKpyJYZv6dfIzhttjsR_UoVmFofK9O_mZYm_J7x2lJmPTBpHpdNjitmq-C9bohEu6cIYIHrH5g5PMsDR_VLG9BDSRggAC2r1qXkCHLmk6DavdoYNZnx2EMVL9cN7Dma3ZgTdYAmhgqaEqNcyJ6_fpb30tarDccT9Q7jXEu7AvxTpP2RWGqWylap7tXHHF0fkS4c54DsZGDleZxittPNaSzXbfwDt7ZrlgXjOBdNprA_bO08g3EpWpexpSE95yIwoDKtceo1TZb1iwQipOwc-CvDtrJ3_t2cZz7RX0xOj79Xwg2gbW0ap-XGwy3KKh5o5a8RczQDBU5BjHq8M701WHVhOlORs6CKOESWiN47vtQbyJ-Wa1bxPcF-gIpEVC0cvjxFUxdNBhA2jnCDt805bXNAXaWTkhLWWyo%2C;6490
Электрогриль Tefal GC306012;Электрогрили;https://www.mvideo.ru/products/elektrogril-tefal-gc306012-400293983;11890;https://www.eldorado.ru/cat/detail/elektrogril-tefal-health-grill-comfort-gc306012-590293983/;11890;https://www.dns-shop.ru/product/6a83a5533f59d582/gril-tefal-gc306012-health-grill-comfort-serebristyj/;13999;https://www.citilink.ru/product/elektrogril-tefal-gc306012-serebristyi-i-chernyi-2100059178-284271/;12390;https://market.yandex.ru/product--gc306012/11898890?sku=100243313308&uniqueId=1033559&do-waremd5=1WsoJNX3FHot99q2R4KVtQ&cpc=GWEeVpwDDUxL12NtQsL8RycZIuF3epULWYt0VLotXVA8ha0YQya8F5Hkwi9ZxZqVTCfzhS6oQZu6Jfhum9_omN3Rq_p--6cRUY5kpRAYy5jmw6NptnZc1cavhl_0nUn8uczTHPWrO4FvYfsxZ5jcqk93yIbeyMnJsGgF-4Hn9tVnzB4cUUGWIU_MFOKpfzpcbIaaaku64HpqGw9koHmXx5tJXJvYrffoeEbj8ZmYzLZTXJnEoN33kZZGc5-k4WMVJw0y7t62BpXo40n1jQtU_OUEOmohiuyCV08I8ugPr_kOobCE1dkc-wTvDKXSLtd8S0AdNA6H05tUQRt4lrDC3qQUP4oeoGOw3dq2GNY8ZLBtyyIX1W0U-17VKZdsaQkF_wJCIJTYiAD0VQ-wLBR9QBapcHXY0nauZ0D1qacL8o5HH9qsk6PCs0Scq8IPintlZS_WfdLbufDKdohAbud3cdllpMeq8ROJpD0OvxGU6RWURoqpsso5fsV8E3Ud5urqYFgP1qBLxbYbw2usVL2c0XOfaLNI-7uO;8387
Аэрогриль Kitfort КТ-2248;Электрогрили;https://www.mvideo.ru/products/aerogril-kitfort-kt-2248-400334926;12900;https://www.eldorado.ru/cat/detail/aerogril-kitfort-kt-2248-590334926/;12900;https://www.dns-shop.ru/product/02966c0087e8eba5/aerogril-kitfort-kt-2248-cernyj/;12999;https://www.citilink.ru/product/aerogril-kitfort-kt-2248-2850vt-chernyi-1882100/;12990;https://market.yandex.ru/product--aerogril-kitfort-kt-2248-vitrinnyi-obrazets-povrezhden-pri-dostavke-sm-foto-na-ekspluatatsiiu-ne-vliiaet-garantiia-na-tovar-90-dnei-s-momenta-pokupki-predostavliaetsia-magazinom/1142019083?sku=4362640090&uniqueId=920840&do-waremd5=dhBFO0-RlgOkNWxj3Z6L_g&sponsored=1&cpc=nc7U9n7vqXtaSG2--HGOE2nzny0RdgkbtQD2b2F069myQcnu08hTx62CeHh6_TESBT2xknKKciKDX2YBUSjDnxt4fMUv-1dvDVXESge_Y1k3SChOWQmaVRn6m5tXdVASXH1EhYCPfjN1gMLNg5wqE146HEznvAOQmKz-_UyUJW9mN6jy-GK6meG4Mv1T6Yqpi4wRtJhNHbu30dRCZ-w4ZRdT84iYLnulmInWo3rsNCjC04mx1lWHsRcpA9RazgR1GA5g_95fA-PyBQB3cSORpDwnwSaLayOko3I5GX5fc518hFzrgvMMYcqL51KvOAR41dVEnEX0vw6ea9FM_hyMClpqruDKTJXjdB3dnmojeuhHwPsJI4LSuIaeKNVN_ykZBoVJOP8UEBqipwQPo_r-huAEEo_DMVgloxMLrhI3JRshopgdgA1o8MaU_W_7QVYNGwka5sEhvEurNW7IynBZhfUQJMVT4ivIQfXYSnd7kWCk3YpOxg4P88uP-yhGdEr4I26nj7RqhuICwtmxIhS6uKDZUE0l-p2SLHS8LUUVis8%2C;12730
Кухонный комбайн Moulinex Easy Force FP244110;Кухонные комбайны;https://www.mvideo.ru/products/kuhonnyi-kombain-moulinex-easy-force-fp244110-400067349;7899;https://www.eldorado.ru/cat/detail/kukhonnyy-kombayn-moulinex-easy-force-fp244110-590067349/;7899;https://www.dns-shop.ru/product/889a22ff8c463330/kuhonnyj-kombajn-moulinex-easy-force-fp244110-belyj/;9299;https://www.citilink.ru/product/kuhonnyi-kombain-moulinex-easy-force-fp244110-belyi-1139003/;10300;https://market.yandex.ru/product--fp244110/454203033?sku=100677687797&uniqueId=923940&do-waremd5=plWVcgP6XzE20Q4ehriisA&sponsored=1&cpc=ryhe4zciNs5693S2jOdxqQyAqb2juKY-D-NpNlLN8jHhbCn3JC_LtQ7-KR7XZbRAcvVYZQcOTAq0c2a1iwLkSvL16xU5hrsXLwMqT9X1IpYSItemafGE7JK_j6Iys2wlI6eQF1F7RvenMdeEXKlG_JD8XGcutn8ZgWSpmFIOI-w256AukN7BA6lIfdQ1epLII-ZLIGvzu6Jd8kdd0zaDX_cVxBUG68MjDQ-JMiV5_ewJE3i04s8ehfrTWk6Egg8Ltn39DvJ3e8exW3mdELZRPAIixNNoJl6sGN_HwVdHoimdqyfEZt0Mj-lMkbY2-Y75tBB_E_6x_51OEKR1lXezWILCrsHZ8UPOSEZJ-CBv40McBhWbkufz7SHgCkNe7-gItiCNJyPyN1oXXVOl4x2byX_JnIuvvZBYx7exAflTddiWOOwfpTQyMysm5XadAsNkRbJHPfmlz87_eYTZBmRnj9MQMMYXN9LTYp7edYH5BrgPLtn8pJDs8zbVU-r0lb17veOZVqNDX6uWqX7lHa75x-Uwtx4HvGZqHrWyle2uSLw%2C&resale_goods=resale_new;7754
Кухонная машина Korting kkm 0107 mb n;Кухонные комбайны;https://www.mvideo.ru/products/kuhonnaya-mashina-korting-kkm-0107-mb-n-400404468;29990;https://www.eldorado.ru/cat/detail/kukhonnaya-mashina-korting-kkm-0107-mb-n/;29990;https://www.dns-shop.ru/product/90864578a5ceeb2c/kuhonnaa-masina-korting-kkm-0107-mb-n-cernyj/;23899;https://www.citilink.ru/product/kuhonnaya-mashina-korting-kkm-0107-mb-n-planetar-vrasch-1500vt-chernyi-2094580/;23990;https://market.yandex.ru/product--kukhonnaia-mashina-korting-kkm-0107-mb-n/840436036?sku=103616828090&uniqueId=846716&do-waremd5=MWVnXn7gCc3OvN8jjmL3rw&sponsored=1&cpc=CtfcJ109FojAMWXYw5rpuI-Ayj0oYYwShCAUh12me-8LaTyorIrhIukUL7kRjphosUECWX8K8OICzY5axcQ-y733ZbrRmoi8nFpK4AsDItVv3xrxpEzYEniciZpBSQmmjQcdBUE7EHuxdI5XZVPbizrhCtJvbFH115H6NXmKKMtV98Pr--m4BjwaQlw-gJwp9M9O5fsV9gihtziKZ29pkM0TEHXxI_6SL9f3ymanOYfnTybXYszhA8dClB9vvgmR3vbFFvR6wvgXFhMmnSJ3rkSBzEP4Y3Nhvt5cXxwYUSKymn_4v6SplqgPeTFCIAinbonuvdVkAaynTenxUfJftTFCyq8xaiMC-50dejxFo2-KTdI2XYuSbAqPYm9zRdfjSHxdBVKzGPUXcRXR581-i1eeT5YfI2xyLa31gSazBOvWzwKo7msIVUxo4a7MjtmohInSlHaDNGpy-gG30gIfIt2omNXGPJY_m22YfTnrh81Sh55vzGRd_e-iAuJD42tNLJgCcXA9mQUXmwlOXOG-DScnRw31a0j5l-9MSIVtwfU%2C;24872
Хлебопечка Hyundai HYBM-P0513;Хлебопечки;https://www.mvideo.ru/products/hlebopechka-hyundai-hybm-p0513-20079398;11599;https://www.eldorado.ru/cat/detail/khlebopechka-hyundai-hybm-p0513/;11599;https://www.dns-shop.ru/product/d4c07d9c3f763333/hlebopec-hyundai-hybm-p0513-cernyj/;7599;https://www.citilink.ru/product/hlebopech-hyundai-hybm-p0513-chernyi-1383589/;10599;https://market.yandex.ru/product--hybm-p0513/1751324967?sku=101733300733&uniqueId=119485579&do-waremd5=CN8vWVuJelA8BI4FEIGfBw&cpc=sv70-Ul2XGOIIrC8viBuFTHx-HiLLgUO-Ij0BdO0raxOp4WxMIEMa0kOs7pcyT3vJQHbKv9SrkUCOBOiHNJrrgq7YXEbfBT9wu0bstE2Yy3GpZfW9gkBFVuvhsReX27V_XoxAcQTGSTMMF7xxCaivspz9UGO5UQSDdJsytRXREgGxIxr5-oeGodVkbtF-waYkBHC8NhNCQFurClAxSF0xCrtdcvpnr2dhoKcoXJFIfXw3pcnCYyHdYzNOHkGnPcReeeK5zdajM30-dgHMbUQOoWFawt070r-6GeECCqkzcUw_mDkB43Z1SXZLV3ihXRk9U2sq86NokYz1E1ArCWQ3q7sn697r6xJ4ZioZ_9FTzMuzbZW-gCeLVLKtsVZurPkzB1CRQSFtFudlDuTKL38TNjZV5hZ9dl1sZtXR6mR3wIEgFFXSpqKSqZdwvgqa0a9Lb3JKbyXfmeKFY5P-HC4Vw8g3CQUrIL2-EvH804vxiLqBfyVa3bgd1kR-OAToS5xmYIutzVzCZ0%2C;11483
Хлебопечка Kitfort КТ-306;Хлебопечки;https://www.mvideo.ru/products/hlebopechka-kitfort-kt-306-400332228;7590;https://www.eldorado.ru/cat/detail/khlebopechka-kitfort-kt-306-590332228/;7590;https://www.dns-shop.ru/product/d74262fa7ff02ff4/hlebopec-kitfort-kt-306-serebristyj/;7599;https://www.citilink.ru/product/hlebopech-kitfort-kt-306-serebristyi-1907854/;7590;https://market.yandex.ru/product--kt-305/675987003?sku=101632068649&uniqueId=892410&do-waremd5=bDKgdcnmwocdkdCedNVWbQ&sponsored=1&cpc=ailrYXPb7667AhQ3mZVSrkxbkbo6Sio3lrsROSkNkFupIk2j5KqNBhU9zJarQnH45cf1m5Hq_A0yVIrg4-LXmTTpR0ALLUWSsGoL3yaL9PaupTSB9c2FWK0_RDPWWbACwOXJAsX2eIh94q5uoviCNKNoAsABmwztH9ZORAeYq7M9KXw_mo8d4Z6MIUHx-Yp04EEy9695B_sXtEWeUmWTlIs901Wcb8gBLklj0_NKdWm7ghqdKSAgtfyVDfJl15ESAtsiKlOo6wWJwWrRlONUqWlu8X6NHZf9nN5X79ScI0Sj28m-Eco0j2_BIEEWRMhUkHJ600W3ymrOCbNBpKxgkuvzhcJ5zNJSTo1ehwhZAwHtG273giM7hnc7x0a3qbNp4h0_dIHUr0szqeNODv5DAUBOJMPSxtaC1WYRbRW6NqTE2FaS2orYhGHgbHnpkm3igIOkcB3mldZldeSqBRVvLJH0RbHZ5YENji7P5dnG0CpMRg4RMleaZi8-URAyEB0VCvK7ZEAW1NpuIwrAOSbPSN_UBnsNFINZGCYZoXPK_4Y%2C;7841
Электрочайник Midea MK-8029;Электрочайники;https://www.mvideo.ru/products/elektrochainik-midea-mk-8029-400378563;1399;https://www.eldorado.ru/cat/detail/elektricheskiy-chaynik-midea-mk-8029/;1399;https://www.dns-shop.ru/product/4da8d8b40f703333/elektrocajnik-midea-mk-8029-serebristyj/;1299;https://www.citilink.ru/product/chainik-elektricheskii-midea-mk-8029-2200vt-nerzhaveyuschaya-stal-1430365/;1299;https://market.yandex.ru/product--mk-8029/946030013?sku=101304733738&uniqueId=897725&do-waremd5=NwsyOkgj-OnCC9FhirN9NA&sponsored=1&cpc=eYM8JC53-Tot6rhZliFsdllXqdOUHyQ82nBkaMm025cc71EM8_8dZxLpe3KxE1CpxuZO-s-ufoguOcMqDOLpaO58mERgRM2OJO5Tfh-eWf1QsW8VrMffdFyG28QXyNwvtoejTZe24AT9naq802dj70HpOSsF1Cv8H_SRmBhABxcUF68qcJ_nG6_OoX8-uKNcd1XozKe4KgPIl8QlzTs8i93Se3wrwnjcVfc8QPuqKNEHDGU2EHFP7Cf8S7rxQF0E_p_aTFZx6S2LSbGH9XgjqPHrNjQuCp5P-s7NePAKwLyQABhc1h47Q1Gonb3La3vd-8oAN3woFkCDq4jG5ZZUc6MZF3Hfats5F8PismWP4iSI3NQe-kmqFQ1HVmd21CTFW9qKWMaYwBbAlvrT5GKZYdz59HzIjY_d0GykcAzoZfkdAhc4Ca8S-_rHPXXcrzW29ZN6WDk3vaTO2DB9AgvdQo2TXcWoBnGMeB8e5EzvxAT56VP46wITZFievjHpU4TauuOV6IDwQNa7_opg3WNZO9mJ869bYfFuPrk5clb5hYc%2C;1490
Электрочайник Gorenje K17GED;Электрочайники;https://www.mvideo.ru/products/elektrochainik-gorenje-k17ged-400085166;3499;https://www.eldorado.ru/cat/detail/elektrochaynik-gorenje-k17ged/;3499;https://www.dns-shop.ru/product/1d848a33ae8e8a5a/elektrocajnik-gorenje-k17g-serebristyj/;4599;https://www.citilink.ru/product/chainik-elektricheskii-gorenje-k17g-2200vt-serebristyi-b-u-M00287652/;3199;https://market.yandex.ru/product--chainik-elektricheskii-gorenje-k17gdwii-chernyi-steklo-metall-plastik-743905/1111397600?sku=4331686693&uniqueId=140252400&do-waremd5=SRYlA0UQWpo_9nC9TnrUmA&sponsored=1&cpc=EJ6wLjhs9ub2pxko8YJErCPsnbR0ZFBvAqB5UUYXIWOIL7sg8F3TcuvJLD2jpmHa0d449KdtYF0OTzsGZnU411kBX9HhAIaCd4duljDOTn1GAFTlOK4aHKfvudCBIPSpuRSkdOM7URDARXR0VfY6cT_0Kd-UK81K9fOYNHUxUqQs6FegfHBI3bA1c3UGbWdr2jPa3jJJ3sNEWiTkLdAHkItcP4VS-FZd__v205ddsiDzKu0BrAGRfXx299epNQwwn_rjyMcOEHVtyALV-ZMtQfr-wSZ4OHH9gn1JCOKSKcRcoKAEOOz78l1AJa5RcjPXcxYeygnaZGxP0zo9lgYlrppqb8x1rRgCTLETME6Z_AZF7BMspSXMGaLmiJRG2K6QQt3ffI5HQOW5uwoo_Svfws49I5Ss5H94HEKAqVTzXAAtS1A_jELfg85uwshOILhnXQApewDorsn9VLr3aFkLMPZTMdEJIDkSyNKCL6RYBuC70BgXFw16tlcpIzF4AuEB_hp7dVehWZXvxjei6wveEtUexNEh7mEDSg0TqvHSpEs%2C;3051
Тостер Scarlett SC-TM11020;Тостеры;https://www.mvideo.ru/products/toster-scarlett-sc-tm11020-4004039;1599;https://www.eldorado.ru/cat/detail/toster-scarlett-sc-tm11020-590270574/;1790;https://www.dns-shop.ru/product/1000f6be99833330/toster-scarlett-sc-tm11020-cernyj/;1499;https://www.citilink.ru/product/toster-scarlett-sc-tm11020-chernyi-1149704/;1630;https://market.yandex.ru/product--sc-tm11020/585021021?sku=100791691867&uniqueId=3993060&do-waremd5=vtgK5FUjp5mhSjX3DlRlvw&sponsored=1&cpc=NXyq2rybPf3Pyx1EafEMjIw6L0vh9_1CJqt3ufFxbuYm8YB0LRRElMuWHD1eGXgqCfv3uJczQH5OJqycheUegQznMAzr_TrODi8gDe23xA_FElN1P3FHHq-rNzRiE-wDMC-fsD2IZsXmUK1ichMQARNV2aQvcXCIpae3UHT-ajhs0m-owDCkaj0lkKCUgx1KaIW1ToCRRg58H51A6pThhnqP1X-tgIFyP8TYwKsV-mUm3-aTw1_E4pdz2vvXsgHwyXlZc7EOI_s-JgSkIGYGsrojiC_4IdCbM1jj-mewwGfOk334amoWRSHKU1FNpqmPqmfv0IBvLRw0vjKYGh6x2IYl5VJRbE7ILXKLF6RumUz-Qh4DQYkvrTM-tvo0VyjbYwAZCluoBi4wOvjSTLseW8MOtcZ3K2Ag6By3Y28sWhpOkjba72rjCUn_zWC2ALpSyVixAUuML2TxT3TF0hh9uOduja7nRWG-WPMpM_4FGxGc0Rf4hTX34P_goUlENzhJf8EWJbI_xGbNSTPRKIt1m8saqUoMUrWj;1650
Тостер Vitek VT-1581;Тостеры;https://www.mvideo.ru/products/toster-vitek-vt-1581-400439094;2490;https://www.eldorado.ru/cat/detail/toster-vitek-vt-1581-mc/;2490;https://www.dns-shop.ru/product/44e4cffa21bc40e6/toster-vitek-vt-1581-mc-cernyj/;2899;https://www.citilink.ru/product/toster-vitek-vt-1581-2034642/;2190;https://market.yandex.ru/product--toster-vitek-vt-1581/922760559?sku=103703858377&uniqueId=892410&do-waremd5=z4jm9vVCjHskcPe-oS8PFA&sponsored=1&cpc=F_4FXnzAfzjhqjfluyO7Ac9HVsFiBSQav3zvAOx2_WOvpAwmIxDFhQl1lCEPMyht3aUxPpFYamhFgCJ3X-X9iC5fzOudR9Tuw5e8mG1oYnSC57z4s0oDUw3avEDsmGHXhKGXycucVzsCZXZ9WOfU2e3RMu0MlLApOL0XozerdpRm9Y7TNsMLKf7glQqtLk-fob_AwKhg91tLE2U9pkfbwucTl2ziuABIA9m850lqRrgDkI2BlxjfiRQzpWuMvE6EnRhdpceXbL_WMGfHRfMJPzKUXu3-y5tXdvbuNBuAhJWaJlwoiShsVpt1WM-Nfj1pOrpnTX41kYKAjku-ENFlnQIBRRz9qxgg2NofxanAfbWPh6A7ArNvfTM-U7xRBS9sQa0ytQWAL70jYRkNnxantu2BRPyfu56u0ygN0TSw1sifjnIExguCOQVdySp0P23_qzYji01gQupn8wVjJHCoY3r0JgOWX8ZnoegyHpZ_OYjZXxGqME4G4Gtd72T0z_BYk7RR_6HyXwLMImNWTxsrmEe2U372wfiGr9nsJQgvXeM%2C;1827
Соковыжималка центробежная Kitfort КТ-1112;Соковыжималки;https://www.mvideo.ru/products/sokovyzhimalka-centrobezhnaya-kitfort-kt-1112-400310452;9490;https://www.eldorado.ru/cat/detail/sokovyzhimalka-tsentrobezhnaya-kitfort-kt-1112/;9490;https://www.dns-shop.ru/product/47394e4d28143330/sokovyzimalka-elektriceskaa-kitfort-kt-1112-serebristyj/;10090;https://www.citilink.ru/product/sokovyzhimalka-kitfort-kt-1112-centrobezhnaya-chernyi-1123991/;9490;https://market.yandex.ru/product--kt-1112/374326008?sku=100607005971&uniqueId=920840&do-waremd5=sYfOpg1Dfd2Igj7SIZjflA&sponsored=1&cpc=li6sFatv9ZQJ4SkPudRkDqGG_rrvSaRUPQCusc1N0rc9LXhC2EE98DVpkDsiatFE0wKsvNql60MleU__KwFJNsKuso8wHCi43s723F_vMAlEd0hxmLYLx9dbU0zLd1gp9rrdspKCxJNw8SuPvr9W1fW5FIhdfKWDkRXN3xmQqjyS4aVKUCgXCICkydKLoKroiTeT3PrCsS4y_iWEaR_0zVjWhpGIa1-dB__cwlO6vJ6IdReJFb1WzktEn-OVn5_mkeZQD46RFeb5r0ZxlGcezCYq2nDebwiDIvNHMX8CgH6zWwfzNRcLeV_Oedo-UNN1AcosTYEHyGwI3VKAXkhZ22F3kXPJIXFIN-zkEDl373eo74Eyis6PW8WoJEok5Df8t3Wj3OoY3Xvw0NCmrxGZBK4__ql4lMetDPsNpBhNdY6iAcwLx01SZgC0WAIQ1A_W0CnrHaO5_OsNY7TEn_w7vu2rHxiSKWnEnBr4fm6PXuD6oSYyh__vIKg4rjhPev03NVJCow_lty28Y2FbZSUPzL0Xgju18S35qE-yYhDYDus%2C;9300
Соковыжималка центробежная Bosch MES3500;Соковыжималки;https://www.mvideo.ru/products/sokovyzhimalka-centrobezhnaya-bosch-mes3500-400325982;17490;https://www.eldorado.ru/cat/detail/sokovyzhimalka-tsentrobezhnaya-bosch-mes3500-590325982/;17490;https://www.dns-shop.ru/product/d8b2a694a7253330/sokovyzimalka-elektriceskaa-bosch-vitajuice-3-mes3500-serebristyj/;17499;https://www.citilink.ru/product/sokovyzhimalka-bosch-mes3500-centrobezhnaya-serebristyi-i-sinii-1851973/;15200;https://market.yandex.ru/product--mes3500/11743323?sku=100325953974&uniqueId=174330410&do-waremd5=BgTZp5Y7T3EfkUAvbtxCMA&sponsored=1&cpc=iWA3Fc-5NoCDIfwqnMEFAds6eiFIZzYZYmCpqoa6oBdBLtZLp-qnGkqvAvKZ6ztlEA6gt08QRE-b-G4Z-ENzI2wr6a5oxVpUdw5Bs3mKEHjMB1rDnlQDikE6HT9I9I2fGhSzOldu6uK2-DmqX4Vmw3VEnii1o5YrLXpvS6isS6VP27sJoYlHONaE4Cw2-zs5WicH6hUw50N1rz_r5qIMwG9oLbOY9RtBRTRY_KW1QWLm0YzuT6tshZozryFLfNFw-R1OXnnBEVejdwgl8YuYwhkD71q_U6fUUNnahTR5ELgDLKCznHiLtkXeIhbo6ch84PUYXCWkRKB6j0sAeiOXNT7KOS7zdDnIgLwrTeVaKVFux16a-KytN0lfdcwYvohsQSRyyp424J1zBXElJw_vqGfyXzZaySVZTTx9uaH78Ojj06br6jntz9QsU2k1C4uFVRt0RE7dKUhYqUG8ALgvqAYfkfYWeuUGMtq6ywaggnPmFr0weWksSblo8EsG6iaA9V7vHQXAzYHLYZ1PKlWjkFwHULp7wWUh;16208
Весы кухонные StarWind SSK2156;Кухонные весы;https://www.mvideo.ru/products/vesy-kuhonnye-starwind-ssk2158-oranzhevye-4199286;989;https://www.eldorado.ru/cat/detail/kukhonnye-vesy-starwind-ssk2157-pink/;989;https://www.dns-shop.ru/product/6cc36d3f14a03330/kuhonnye-vesy-starwind-ssk2157-rozovyj/;799;https://www.citilink.ru/product/vesy-kuhonnye-starwind-ssk2156-goluboi-363711/;599;https://market.yandex.ru/product--ssk2155-2156-2157-2158/13139497?sku=100475674902&uniqueId=1233177&do-waremd5=1IwvJDJU49QaMTI12bkS5w&sponsored=1&cpc=Rp6waffNt97WOb5mrSnA34gvtTQ8bkW3UXgv1yKwsdErP8stn6fSNB8F26TN0V9emdKk-sIgB5wXc4OQYXGxhcZJ3dvZOFeJrEf8PIccr1nQN--JNhh6W38Px9KDP5E6It9wpHUvnPNgpDY-91_Oj495PxdpE1zO-rhIRE-HDqGWagRv2MrFpP9_ck3nZQ6SCve2eF9c2wX3GjAxayprf0g69V6MJyZJaTSr-EWwsnfHXQud35kZkq2v16v9N6oPhBaKIszBgre7NME9eS14hRn9PD0-Yu3Z3Ld8lM2WAEZSDOt4_PSRL4-5qEhLGnoYI240ToCw-laIpYSpkE-QqjHzGEwidafMI2n6XQb2QbwihX3-Z8XqNfCjoKoR0cnPsRddKe8JzvGyvx5RBLVsi9dPf6qggK28tKrmYaISiukVXFySjDlMhQqiy53wB4phubD0IJccvihjc_aJ6DQ1386dlHYxd4dzxb2wmzwkcKcusVZBK7mMKZtouMR7KPLWmvyCccXqto10V2Plpm4JFdMBnWG_2ZT1H74Ui3-pBxk%2C;734
Весы кухонные Profi Cook PC-KW 1061;Кухонные весы;https://www.mvideo.ru/products/vesy-kuhonnye-profi-cook-pc-kw-1061-4001312;1699;https://www.eldorado.ru/cat/detail/kukhonnye-vesy-profi-cook-pc-kw-1061/;1699;https://www.dns-shop.ru/product/7eea5854c05c3330/kuhonnye-vesy-profi-cook-pc-kw-1061-serebristyj/;1950;https://www.citilink.ru/product/vesy-kuhonnye-profi-cook-pc-kw-1061-nerzhaveyuschaya-stal-1933130/;1700;https://market.yandex.ru/product--pc-kw-1061/12753368?sku=100653991452&uniqueId=923940&do-waremd5=LmJ2FtgUNEKcegS3YReYBQ&sponsored=1&cpc=KgpMqjvMeBOCfLLyKr_Hz8OBPldH7F3_eaumkdl9kacGt8jZTYEf1cP_g6FTVSCz9go5TZO1yzRgIrTG8i3F0Vs8QSG3yWgtma6jw_fi3srN6W3xOiTd3ppKk7X2K8r6YRPpDzh64T38cG1td9LJTR9iV-q4IqAS_IcIktv5WAlLsRWQKfvrbkcskQrpBfYLVCd_9MMNkmaJMUYHmDw96xNoFvXiXFqHnmIBjwquZtnZG1Eh5rPfZW6-uciOo8MyLdjXONQbkEEMfLseNiMQYPj4mKDWX_hqnxU7E03bgtytRfjZ1YXT-Jxy8vlRku0_wBAOkEZiPvuV0JP8iPArSq8UxLnuOpeC32PGcYlRGKvDJJzuSTZ1byAxw1ItlmCYwB-U2Xehh0YkuY0RjVqwWPF-paX_yXggKZu2ObGvslwOsHULWJyVeaY2zUFppDN99HsvKF3BBPRHeVQCx2C72B-ioYpw5-XAoW4OOOr-rcX8RaC1QC326Y6-ce7GtprV_Y3P0LcJVqjdQq5HX0zunGthxurUeMzoDmGYUkZuwXU%2C;1821
Электровафельница Kitfort КТ-1646;Электровафельницы;http://mvideo.ru/products/elektrovafelnica-kitfort-kt-1646-4203341;3290;https://www.eldorado.ru/cat/detail/elektrovafelnitsa-kitfort-kt-1646/;3290;https://www.dns-shop.ru/product/3a1a6b83243f3330/vafelnica-kitfort-kt-1646-serebristyj/;3299;https://www.citilink.ru/product/vafelnica-kitfort-kt-1646-belyi-1120228/;3290;https://market.yandex.ru/product--kt-1646/368977000?sku=100569546240&uniqueId=920840&do-waremd5=Kb5DwrToZ5-8sPIcDC_cWA&sponsored=1&cpc=OJS8-rRT4cPUQGIaGoCzi3e8K6vetCWfF5C8ps3GvEPxJnwk5NAm8gfcSl8J5Ccseo6B080by9VLFnDcHcRlkNShbU5j1e5H_6a-AvRd7IbnvQgnSzKTH6gVLFpvpVDsGym-zx5mDNN6ARwvzF9l9umHTSL-mVEotYQkbyhldnKRO_o6N93YFyrGXobbNAadUU2OlyL4I-21FYuHqwyGQVkKmy7GyFQMAR55MRe2Ats16LBbOse_DuVOqqZ5N-aXuAG3fYzoOiqFqBhoiPfu6UAWzQWWSyD9UcJJ1dqIVreRttLh9Q2Y6DzaEgIy_B8CkxoDfydfnX7YIaTzm6IZfLM1vKnVhs_c8tXSg2MFOT1fIu68mqRi7TmRPny2Ra0CESA8yhPtbgbObLYBq83aBDGkfECVML7ywvH3mQspcbUA7XUdxrYUoj8kF_TpTkiKkOIJJI5kWDnJg2i_eT7rFGCRxj2honvZ-kX5VR9kbbYSIn0gwLlPe3_2uHAfZRIFr5wAF71K3RjDG0rfRizFotbp2ksg6yP7Q-K368rOePw%2C;3224
Электровафельница Steba WE 1;Электровафельницы;https://www.mvideo.ru/products/elektrovafelnica-steba-we-1-400057964;4999;https://www.eldorado.ru/cat/detail/elektrovafelnitsa-steba-we-1-590057964/;4999;https://www.dns-shop.ru/product/7949e56d1c132ff2/vafelnica-steba-we-1-cernyj/;4790;https://www.citilink.ru/product/vafelnica-steba-we-1-chernyi-18-31-00-1924552/;4970;https://market.yandex.ru/product--vafelnitsa-steba-we-1/1756800010?sku=101772348800&uniqueId=892410&do-waremd5=uWRzJ1qC1KLVIan-Y-u8sw&sponsored=1&cpc=A0c8vO4LKSHpck4uOb7EYo2q2hrCoBBei9lEEYvEDmngCpDnXv_a7LnChRbzFIT-0NlGLjsfGH0dfTBXDevNmNvD-FilyrOWsMkRTDyvaT4Z15u0afeKnk9QPrnLdYsBYUFFsZFBn3FANiOwTjLrXA110JJo1Vddbfdhf9AEXW2DuiqjAxMED8zgJ4nGPSwhc2R9KhY8yv_smQDPiXMmvA98T2-bYHl1aGJZ_BSWgFT2MP-tJC4IPOVUgZvQTUDRURWAKTx-Zbu8EgCgXqyRnqz6fgwp1YaqfNwgNsOkBWM7RlOe-ZKXa9Jm90Wj5QcNhDaQZ58wXYgdMlGIiLl2-gtEST6ZrPqqdHMziy9I8aN6ev2bfsqFoIVyFI-MwFimPKKpTxdUraNDw-oAMSjv8GaWAQO2X6uFsn4ww8cHHqX6ZxPJ_HJnj0sSvjkH4rK0lmF2by9zKKcZ0aYuf4auhc32sGtwFHF4O2KoOLuyScw_HTMoeN4Op7ubpha2Qu2veK_w-N9GB9g9uiR0sh1xZbDbQZ0WDHYux4zUBGI-w9I%2C;4681
Су-вид Caso SV 400;Вакуумные упаковщики и су-вид;https://www.mvideo.ru/products/su-vid-caso-sv-400-4201477;16399;https://www.eldorado.ru/cat/detail/ustroystvo-dlya-prigotovleniya-metodom-su-vid-caso-sv-400/;16399;https://www.dns-shop.ru/product/4d123279a4d02ff4/su-vid-caso-sv-400/;16399;https://www.citilink.ru/product/su-vid-caso-sv-400-1000vt-20000ml-serebristyi-chernyi-1892076/;16300;https://market.yandex.ru/product--sv-400/772664437?sku=101121697002&uniqueId=923940&do-waremd5=zy3pg4fjmXeMRRTxC7RWVw&sponsored=1&cpc=6FmI6D8anqXZFH2cLOuzL_GIXJuz3YXnki7Jfb4XtEmAujIYN_33IXNkqEQ61SJV2q16htIr4Exaaw5vP1cydFMrvQBsoHR3o_ig5dHtTDW1BKfU5HaL6MgdTTN7E4JohzTWDg7HaH4ysRV4LB9NysJU1WZOoYZGMVxPDbWRTbmtLNSIzs1cdae533jOP2iICOC6nDub47L7wwqkdoN4iF5vDvhsyctN-gAA45DeEHsnKr_A3VTaqLTHh3LjNHCSWQXlqgzcSlmYD5ojiPErBIeaz8qbdQKd70ZgBv_WbBtXZ_6ZYVeNZVtABxtvpDMs-dhspJcl8b7xj5bWAeUzx4yizlOnK-HjYzZTOVZDp52Qc-YdLs_yfK-jVlroDwe004DrOT4qTS2Fxou7gJ8UHJINmLqtILP0W18V8uUY4p5MbebieC-T68T3x3jmjYKAc8WExMSDwZtK8HS8AeiBOQqa1doGESUVu6MNSvOueFMrJRUjN1t00TO7JeC6MSX1IOb2oKPWvhIizf3WnW9dAnJeW0Q6ZugTsxXbaCE-SKY%2C;16030
Вакуумный упаковщик Caso VC 200;Вакуумные упаковщики и су-вид;https://www.mvideo.ru/products/vakuumnyi-upakovshhik-caso-vc-200-1390-400058417;18490;https://www.eldorado.ru/cat/detail/vakuumnyy-upakovshchik-caso-vc-200-590260552/;19900;https://www.dns-shop.ru/product/64631e7540533330/vakuumnyj-upakovsik-caso-vc-200/;17950;https://www.citilink.ru/product/vakuumnyi-upakovschik-caso-vc-200-00-00000725-1541764/;17860;https://market.yandex.ru/product--vc-200/449231151?sku=100654964928&uniqueId=1033559&do-waremd5=BEmNhJ_HHie4y-_bYOio-Q&cpc=dQC_Fx1CpvCnytaEuTVBVOaODLpdOP7ypSfAVgMX-mWn14uwJLtaNcuy-QEJvQZuvKUA5R68-iALB848PEGYVEmoHy80S7-F6Wze-QqKUTah6sBWM8-7piNGQGeKQqSJo-GIiBMUHFzsk37IKOmG0LVuUETEQCwFsZKDO4aRuLd7A83wjKJPWuaBX5xDsSfAWsE3TQPPcux67tAl77_EnzLBEX9NelEy6SzYhvx58kUdpJsGdfUlIDeynYl4UoJUQe0tF_jVL9p1sGXr7HDiOG9dGvthhDmlZAIVC_ylYRexpHcsTXp-gv2wQlHS11MjNiEhLVzEJCe1a96bWE6FzQ-WSlYQVOork7BSd-coXqQmssP_l5ecCODFobTgZx8OWQZrscl9Hn3TrbC7vvcHyJqFOhfb8H4tF9rw_I-hS7WKzxRNl9xyBnwLf_vnhoiAI4ZXLu0g6pPi9wkez5KGu4K1RLhlIM4WquMqgFoQsf-0tBGkWBOn71r7TCUhL1sgRF8PdFZvesfc9uAdMmofhRzXFGw3HpS4qXErDoq_rO8%2C;14872
Электрический духовой шкаф Gorenje BOSX6737E09BG;Духовые шкафы;https://www.mvideo.ru/products/elektricheskii-duhovoi-shkaf-gorenje-bosx6737e09bg-400334998;47999;https://www.eldorado.ru/cat/detail/elektricheskiy-dukhovoy-shkaf-gorenje-bosx6737e09bg-590334998/;47999;https://www.dns-shop.ru/product/525d235109107550/elektriceskij-duhovoj-skaf-gorenje-bosx6737e09bg-cernyj/;39499;https://www.citilink.ru/product/duhovoi-shkaf-elektricheskii-gorenje-bosx6737e09bg-chernyi-1608897/;39499;https://market.yandex.ru/product--bosx6737e09bg/1772085141?sku=101830183732&uniqueId=1352560&do-waremd5=Uftq9H-MevhzP9_Cf9nNAA&cpc=rNZdoZ9Q7NXEbAa6Kbl16s1tRbEbWGohvTTiLU3eGGK3KKy4CaajO52reshhpkKHpAQP-T8sCUvMte19KN41-pa-NeTBL9HgPuxCcuSVgpCAsHZ8qcgxs0HXxXzLGrczV8anEGbepyRMfN8K_8Eb9Jub_PXvlj9YvXy62EL7mR9UO7cKCswpW57WHAG4pjqaitZ9YfGVsnSFNShKetMSoBb6BxR_UAGaJg2iWraitEzbnLyxeSCf2tkPsGnIijQOLIEZ0XZFPyD3QXTHfCInuSGrxrPIKQ33-taJ29WV1xuVAA4ziimWYAVW8liVaPCDZsoJdCbyomBrt2vQhd_DP6wrVLEAOh3MM2cOKRpmuIhE_TuJzFz3oVqbQ8Et1bfZdPowk5R4qhfUgK0b9hTw0lXb4ReBKd7iYrExjBz2tU2i4Qff3m4cE-PursKCYZJd3k3KU668_PQCBBfeh-lUQv06PSPJAL11LqdzOr6mrKNFy4v-7E9ecxr-oGDoZk2J;41579
Электрический духовой шкаф Hyundai HEO 6642 BG;Духовые шкафы;https://www.mvideo.ru/products/elektricheskii-duhovoi-shkaf-hyundai-heo-6642-bg-4199046;31099;https://www.eldorado.ru/cat/detail/elektricheskiy-dukhovoy-shkaf-hyundai-heo-6642-bg/;31099;https://www.dns-shop.ru/product/a8e6075fbe992eb0/elektriceskij-duhovoj-skaf-hyundai-heo-6642-bg-cernyj/;22999;https://www.citilink.ru/product/duhovoi-shkaf-hyundai-heo-6642-bg-chernyi-1444337/;20000;https://market.yandex.ru/product--heo-6647-ix/1779303549?sku=101630256469&uniqueId=1233177&do-waremd5=KxMZrJZn0px513qpzICj9Q&sponsored=1&cpc=rTZGJT77iHmZ9XgKXnG33P-NDGoC5o1NVLrb4gCS9HSwNdn5ZPr0DFz4pIaJpse_6W-GyogUrddJxfBly4VZnJGBFhGGZ0SEETiHbdblBS1FqOkjaRKNyy0Ig6m1BH1FLqVhZaTAtNaZLzNh30a4T6u5Q7VVuqOCjll3sgtQy9LvWANa8454hnGrNMDujw4Dj7EFbKc7e9WQXs1QWBPqJggbjz2CNLIzee1pH0Ml0_0RJg5loVx9zD12ygvYy_tNJGiOnps3f8Jobxx1B-302fNncvuEwZC-A5CoU-ESGqEvybq1V16jwVxE_RSCjU2lCfvfRbslx_Yj300yDHjrb3pkptPjvgx3C1LRSMFPl2cwueKiotg8IGLSGiEfKAa_5yjmKoDSk8yOvS3MxAqD9kxRV7GyHOZ6YmjS1wW0F60GbyWFsoHklBfztEzQQILsfAG0yXu5N4-oWc3Dk8CbVq7SnJR-yO7IL8y0xceMS5oBHJQxXUhEVVKHDfO1wweuI8teTfbgnKIQF2DzwQ3snPZH3TXBNsa_uom9ZWp_Zy4%2C;26073
Индукционная варочная панель Hyundai HHI 3750 BG;Панели электрические;https://www.mvideo.ru/products/vstraivaemaya-indukcionnaya-panel-nezavisimaya-hyundai-hhi-3750-bg-400121722;13590;https://www.eldorado.ru/cat/detail/induktsionnaya-varochnaya-panel-hyundai-hhi-3750-bg/;15790;https://www.dns-shop.ru/product/0edbb62cdab33333/indukcionnaa-varocnaa-poverhnost-hyundai-hhi-3750-bg/;10499;https://www.citilink.ru/product/indukcionnaya-varochnaya-panel-hyundai-hhi-3750-bg-nezavisimaya-cherny-1202988/;9690;https://market.yandex.ru/product--hhi-3750-bg/1780142370?sku=713130025&uniqueId=1233177&do-waremd5=TNrFY3Cs44riI5S-ejWenw&sponsored=1&cpc=kFuo08n7ZM_DrhVsmCVNdpL3ALxt5rXXmpoef9I-EN7ORkhfsF6n5n7pp-7J2Qnkx022fuKyUle97iBSgBlHyJ2SWARoI71E4tcLuZWy66goaC9wPAv-O0tLEWraEufKrFIV759N2c5MUTPZ3e7R69GUnr-lyOWUZ3d_C9iOy0Bbq21Y4rMIe9HNJ6loAxGiPnZ9xjMJgoDz-IKUkyf5hbXeMK7Tl9y1FY57iEiKQFu24E0zKZKOMGENAm70I-o9tXGbBXBusOMxMicFr-RifmpPzgnDrvCu93ir_bkn05xP_ewmHQH7AIhDFOUPr7Yn6tJPLAd6AT9T2iEvEveDqdg0obRcvFhV0PUH3n-XBWYiPvIf5PS42HcgIsE7SzRfZ-yXHV-aYZiHtamChk5YCj52bPSaSDoY5UvRKjgaN9H2SJiVb2rAi7eSm2SC-1KQfI93AnaqxjQnBkaFQs5ON9GSfUdxREKVs7uWc6cfJT-LKPWit27tzal1JTPtqIfHMFdMqQfHteQ5d9KLARQA0QGK2u4lLvCSiI8QlguGH-M%2C;12240
Индукционная варочная поверхность Gorenje GI6401BCE;Панели электрические;https://www.mvideo.ru/products/vstraivaemaya-indukcionnaya-panel-nezavisimaya-gorenje-gi6401bce-400306880;30999;https://www.eldorado.ru/cat/detail/induktsionnaya-varochnaya-panel-gorenje-gi6401bce/;30999;https://www.dns-shop.ru/product/19483ab88d951c95/indukcionnaa-varocnaa-poverhnost-gorenje-gi6401bce/;27299;https://www.citilink.ru/product/indukcionnaya-varochnaya-panel-gorenje-gi6401bce-nezavisimaya-chernyi-1990666/;27299;https://market.yandex.ru/product--varochnaia-panel-gorenje-gi6401bce/91767463?sku=102739206411&uniqueId=923940&do-waremd5=XVyQCkJ489Y778bsM56swA&sponsored=1&cpc=nHcTZ4QG1yGoMI2Bv-32Qr3zw7c5Izo-0ozcHiwX6Ld1EOHcIfLCgbWkP-uBjdH5-5Ca7Tujev9KtJpAsUdnYLVfKnfx_xMgq0HOdFiVr8x4r5hCGjTb-REI3dDRpg003gwZ6HCKMudWJplvL9ItPIApST4sZlTc62_zEX63xEMDzLPYP4VLPao_3e9y73FpjjditRpqCvsq89-v9HDX9rt3cq6qEpL9tL55RCCOt-eCn5cUAcpBS3Um2stWrU9wndcoQrgnN9ygkVMnezDOvtAZ5g8apTMrM4Y1pftZDHX4J4hJQB_nkzzi_Cf0KuW63f5F3d9nhjnGcJx7e6Hk3YfICVo56uOfvQ6FGgDIxU8rTsuONLV-teJRBRpY5XTqov_a-o-T7yqpQuU_2k-rkIF6g7BVs_fs5ZrGPrNftQI_JLcK3gpDmKihl05DVIjbQ0butv1UPJBPxXGtVf5HtAyws7E9oYlrG-45_AjyZCZgxARJr_u8pPwkilTgV_fYDUWH9w2RJf-k6PEnk5BqMcSwrmXoH_0b3idrEXyYaYQ%2C;28163
Газовая варочная панель GEFEST ПВГ 1212;Панели газовые;https://www.mvideo.ru/products/vstraivaemaya-gazovaya-panel-nezavisimaya-gefest-pvg-1212-02-k2-400305191;11999;https://www.eldorado.ru/cat/detail/gazovaya-varochnaya-panel-gefest-pvg-1212-k2/;14199;https://www.dns-shop.ru/product/a9f768f26a863330/gazovaa-varocnaa-poverhnost-gefest-pvg-1212-k2/;13499;https://www.citilink.ru/product/gazovaya-varochnaya-panel-gefest-pvg-1212-k2-nezavisimaya-chernyi-499691/;13420;https://market.yandex.ru/product--pvg-1212-k2/1780143459?sku=1727572172&uniqueId=769149&do-waremd5=7x9h1zS0Uli72bAursviYA&cpc=P-3oVBkatJZLASE9U0A88n1EwkffSpOnAAo5Lq32bAkOUMDZjwifMRe2DW1mMPKF2c0oc-mxt5zv-mRUn_FfRthu4p2TIO6Tp1G33wY6GiN5SPTmKS5roPuZuOE__ylfvcE4_LwDWdxE3MSMO9BJQZOrE3QrLrYfCvpyXEY1tdShUIBp2jv7HqQTBVzxO1U4UXRCBc7St9P3sxJDrOkrnSZBGRn6LjIQZ17YmTg-AkHigEUnglgvh7XScTr--YDcZgKb9M_HTXZJlViOa2eZMF8FG-8jIX_z-GwAvrh6tlmInagE8PcN16BLw_7zIKhk7DHwOigO0d8MC3PR_fKHGvXfZuzCqDe_GCsPHvhId8n8zjm1Vk9XkH4n49oYo7a8q0CRXZvVOb57bDLbhBXpZnvJLv1VcKEJDvhFXU9SWSkrenkA_fIBVJtxZoWgni2-eO3ddARgsW0kXXK78OWgJUV8ODfPBUPR5fgQwBnwMxsJXCCjIKTSDf3fZfignVrg;13530
Газовая варочная панель Hyundai HHG 3235 BG;Панели газовые;https://www.mvideo.ru/products/vstraivaemaya-modulnaya-gazovaya-panel-nezavisimaya-hyundai-hhg-3235-bg-4196263;10100;https://www.eldorado.ru/cat/detail/gazovaya-varochnaya-panel-hyundai-hhg-3235-bg-black/;9999;https://www.dns-shop.ru/product/6571a8318949c99b/gazovaa-varocnaa-poverhnost-hyundai-hhg-3235-bg/;10799;https://www.citilink.ru/product/gazovaya-varochnaya-poverhnost-hyundai-hhg-3235-bg-chernyi-1598810/;9880;https://market.yandex.ru/product--hhi-3750-bg/1780142370?sku=101663807980&uniqueId=16258215&do-waremd5=bCdWrf3IHcUdBbyQVeGrwA&sponsored=1&cpc=n7WbsfGf9-aAgcQ4EagaKFJ3pq6WfJsnfLxVaLo-IeowhW-AmRkwr0Ps6vAwwPhBEHnlOwRBva6T8xaSzCKYFKrbA_K4Gk7r2ww5-NbImGUqRQh-zeJpJ02E2FCKNUXtMf9qU4ZWUd0WoqHh-qiDHRadfTfZStwZGkPr_JW_3uO9ITI67BuWaR7cCiv6fgTh8_jk0yeZPDPGgiYw4bQiFG_jkK4OqRVDqPlXN7WChZ8ISOxRvpoAgm02ckNO7l_k47b60VmiDljz7e2qEcohfYTk_V-u1dl6_TWgNNLyrft23SM2qRv8Y9ombACZwPDdpL1O5pNm3Ql426UU9yK95ZImyNWUZqX-Jpj1zYeG3yciQVDTsVng1pMfaiMv9MyQRo30szGasp9oFPXWSXxO7ac4nxe9cvjgWKyKt50A-pD1wbAwvIgp4V7SowX9S_bCgGfFn7G_F92aQ6eSBgFC0sbRj298WxPqwgzCAMX4NLF1Ti93ajmwwoEuTg_ZcIdjGzXt2v3_BsLkYFkCfC3X63NDdiRpD2iCwOR_jdsyh74%2C;10880
Вытяжка Gorenje TH606E6X;Вытяжки встраиваемые;https://www.mvideo.ru/products/vytyazhka-vstraivaemaya-v-shkaf-gorenje-th606e6x-400152897;9999;https://www.eldorado.ru/cat/detail/vytyazhka-gorenje-th606e6x/;9999;https://www.dns-shop.ru/product/210aac4e4a6b37f9/vytazka-teleskopiceskaa-gorenje-th606e4x-serebristyjserebristyj/;11199;https://www.citilink.ru/product/vstraivaemaya-vytyazhka-gorenje-th606e4x-upravlenie-knopochnoe-nerzhav-1972998/;11199;https://market.yandex.ru/product--th606e4x/1915592442?sku=102281296878&uniqueId=2614286&do-waremd5=b1Sr9ewuIUDW24Wlwa53Wg&sponsored=1&cpc=AwXKOutytGAf1NOV5zyS_r2z8yhJTqQ_a7jCy6P4tTPdLJrsizdg_6Kgh1-aH5LEfpAOr1d1z1995e00pK_Jk2fS03SaM-tuja6SnEOF8lfEWcvgYmY5uW_MrRkLi39O-OO776rJ5eJhvhc9X1ETraCkKnA4wn2REUNLi6t69XEisGxM6GyKQ3pPPQqz1KRGg4IiqaSmCjOzSO8_YaAMy_-i_k-CSJ_uvCBKotIp78qCZehx8tDGDnlPBIijOyOzY0-XiNzgiur1TH-KLihjNenJlBaI2ttntYz915Cu8dvxZvfqeCB9EAJFaqGD4UStY2hEvANzNekRkH-cJiwKSJrY8px-lQd-AI8362TwLK1eUs2dA56_rCCKRjcoBsocwhz0Kx-3Otot4KBSDHgkU7OT9blVsZEsxSJd7zhT_7kgofLI3TrzDnVQQj6hjpbVRUgb0k_WAfFfP0S6ex_wSuTse-J38wdWf8MVTh1L3rVDqMJz6banhEous_BvW4rhziCNokNvkSV4o0kLRnyTVsACiQ-giU4NoKigzFJ3UAI%2C&resale_goods=resale_new;10225
Вытяжка Gorenje WHI626E7B;Вытяжки встраиваемые;https://www.mvideo.ru/products/vytyazhka-gorenje-whi626e7b-400154158;14999;https://www.eldorado.ru/cat/detail/vytyazhka-gorenje-whi646e6b/;16999;https://www.dns-shop.ru/product/a17fad2bd273fac7/vytazka-kaminnaa-gorenje-whi626e6b-cernyjseryj/;13899;https://www.citilink.ru/product/vytyazhka-kozyrkovaya-gorenje-whi626e6b-chernyi-upravlenie-knopochnoe-2079987/;13899;https://market.yandex.ru/product--vytiazhka-gorenje-whi626e6b/946435414?sku=103726029866&uniqueId=140252400&do-waremd5=yvfIq9bkhWXMAk7LlMLhZw&sponsored=1&cpc=EDqgweys-PCAN4AMKx7DuJFl_KT-MdpyRdsh04DvtZmb35snCuZ187fIeVeyJ5z2bUhpNd6mWIIhdYn5otgrMO7UAvbL97fzBaVJFzpLcy6Jfx6kcG6krEG9K1YfmikcJH53CoWXW6TVLBdQneC5BXsj-bRKhjcX5N17G61_xa-ydY1Pyi8Xc5kpq8ZURA1W0LgLMhCRS3MTaPfa4qg7nvE8DCNFklt6AT9ZQHE4DSbmkGhV0NnA3-rocjNvs72ldo6cCMXnqQtTAxv211gtRMmGTjtz7JGPijdq4G1xDvpT-ACQp2KTWc5-2HFvuJqzMeGC6sika-sgwmTPapeP6ByZuFUV18UUtO8fAr2Y1s7qzEnhDXjFIb2OP6A3BFitvRPlg6CEIi-G_SzyIujj98WgV2PvPTIpZ6bRKbOtEzcv1nQugel6mhjK_cJPgP0YF00_QjCiXvShbdzfn0cB9Q3Whx8eDzmyB9bTg0F1Qv2vlFrwojE1cET1nDyxp-mp3kQxDFzcecg3bVg8u9C32B-9jmPyz0-LK5Gm9mPS-GU%2C;15490
Встраиваемая посудомоечная машина Bosch SMV4HVX31E;Встраиваемые посудомоечные машины;https://www.mvideo.ru/products/vstraivaemaya-posudomoechnaya-mashina-60-sm-bosch-smv4hvx31e-20091441;62999;https://www.eldorado.ru/cat/detail/vstraivaemaya-posudomoechnaya-mashina-bosch-smv4hvx31e/;68290;https://www.dns-shop.ru/product/d404e85406e39f19/vstraivaemaa-posudomoecnaa-masina-bosch-smv4hvx31e/;58290;https://www.citilink.ru/product/vstraivaemaya-posudomoechnaya-mashina-bosch-smv4hvx31e-polnorazmernaya-1842602/;58690;https://market.yandex.ru/product--smv-4hvx31-e/1779344697?sku=857397012&uniqueId=892410&do-waremd5=FB-LhW-vb8m9FMlUx8h9xQ&sponsored=1&cpc=wKbMdYxLungWufoNLZq47__vQfHsW17fuWNgZKXVX5IeJdFXeBQrK9C-D-mm8-eRFZL3Mptj4nph0_bjiTrDhXAbZyFdfROqxUpNZzhTltiUZ7ZERVcmmVc-3PP0QvRlg69x0VUF0ZFTx_WXQsYdP60T03zuPwk8lz212F4FbsgR0VmMOoxwhPhDG1yWmvmlh97YtYgkG0YajZz-cg-wjG1uT-J78B5XqTKBKLWoP32J5VljFgpF_1epYo7-t9HMfaK8d3BE59amgy80EgAACHHtAvwqdPJklUbIUYfdWyaO4nvnJD2_KQDf29Eaem_d8H8DIV1LHMCkXYZT3itFdO3N87EdYw3UwA41AJYBpgBcGPUew2ZGEdD7iUgDFPgsdKH7IVGK-WNQjWlieqC7D6XWJC-_fEsJn5S5FM1k3NuhchvhRoPPwuMsGD-L1V5ipKJIujrxR3EjSiCNNXVTOh6DV_OvfSFHmDP1oqNn936i7N11ByE8kglxi7cOVZKzVwusX5vVT_rFas_CHZivuvz0Z4M07FiDEohiIB7eP0o%2C;57139
Встраиваемая посудомоечная машина Hyundai HBD 440;Встраиваемые посудомоечные машины;https://www.mvideo.ru/products/vstraivaemaya-posudomoechnaya-mashina-45-sm-hyundai-hbd-440-4195738;30990;https://www.eldorado.ru/cat/detail/vstraivaemaya-posudomoechnaya-mashina-hyundai-hbd-440-590335152/;29990;https://www.dns-shop.ru/product/6af58f0fc63a3330/vstraivaemaa-posudomoecnaa-masina-hyundai-hbd-440/;29390;https://www.citilink.ru/product/posudomoechnaya-mashina-hyundai-hbd-440p-1900vt-uzkaya-2023001/;31500;https://market.yandex.ru/product--hbd-440/1663262702?sku=4339263523&uniqueId=16258215&do-waremd5=vnegw7nQf1wMHEvN71Ck7A&sponsored=1&cpc=EZiUWx9KWTxgro1BQpsxKuERm5KY74OZUw1DgcaUppAv9J-7UFVfLGeIIaC1GWORUDk33ayll9EH9TVWtV9mxFXINsk2wcMLF8RoRBKdlIYNNBKay4ZYtQGKBGGc1HvEKcVT2_ph_PXIwNi8ScLA8SQ-zkbbq4LDjBZxF3FVMfhP_6Cx5MiBuQKvGOupOmAV2Hjp7VKxATs6gj1HZATmDIUeq4lE2QK_12bs8pCq5XCpU33TSFWJ4pAWx4x8VRYiPWE-zd9AZFb2vKsJWDY9R1KMwJskmUYqd2D1mShxhR_rGu_iGD7Q7mLsq4-nHcnqdiVHrKBRKFIn6ODBTlQyYe0cV0_rjO-wW0_sjFneWnwNJM00wnVmAKReD89lYoDlMrvOnma0px25WbUBVSZN3ZCHEuN_ocCydj_dykd1tES8Oxm4222j1kXQV1eX7vetNndO27Z2KKC8uwbyQcGNQ9eItD-7KaCkg5g6zdZ1eHDvqUMHv0W5SIx0B8OYS9o5InGGijhdb2EUxbJPCShf8Lq1fbvovyP6DkTQjeoPtqg%2C;26781
Встраиваемый холодильник комби Gorenje NRKI517142;Холодильники встраиваемые;https://www.mvideo.ru/products/vstraivaemyi-holodilnik-kombi-gorenje-nrki517142-400400137;74999;https://www.eldorado.ru/cat/detail/vstraivaemyy-kholodilnik-gorenje-nrki519141/;84999;https://www.dns-shop.ru/product/6faa880732f60a3b/vstraivaemyj-holodilnik-gorenje-nrki519141/;75490;https://www.citilink.ru/product/holodilnik-gorenje-nrki519141-2-hkamern-belyi-2020576/;82650;https://market.yandex.ru/product--vstraivaemyi-kholodilnik-gorenje-nrki519141-invertor-193-sm-sensor-no-frost-belyi/1058738664?sku=103821874210&uniqueId=754639&do-waremd5=aw8FMxLIuO9VXHkHN5Tk4w&cpc=wA9cX2b6Zfe7y3ZU4Q2nGzK16-I80j3InloTSPndE8efIN7go52laV2pBzynaweceELAs16uP3KgvRyzjRZTeV0WqdGEXN_ToxPeCmkNw_6opjH4SLMWh1Z4LIuKWuTA4_7KUOCKSfy-6_pWDnwpuf0oEiRuLoOvHclH_p_ZjOWIWfZS6AwKmpHTdl7X1QvIQD3HCKC1dnvXRI7du4Ri42k6sUPQ9cON39Y9v4sCuNDJhmr1k-BAbPWd4GIRg-UernbDitN1IlwDX1bKMoH2Wp3q6Oez58_n8NUtcsUeCBlWqzwQ6g4-rcwm-PcXLYvMUpo3Dq_8g78vI80JByDql1Fi3s6zDSgOfDwbpnlUTBoCIItTBYiJKJVxD-iuwm4YwvAaMxgJtRSy0tbIj1aiCHjlYk-CZx8IqeC2ne8IfnYTOL3LRq77kNxxF9tTfUrWZq1di4UUUTQIUrpN7TqQ63HMIhEiuhKpSFmKCuunO_HN467ZFQ3Psl3W1m8veDRd;85912
Встраиваемый холодильник Beko BCNA306E2S;Холодильники встраиваемые;https://www.mvideo.ru/products/vstraivaemyi-holodilnik-kombi-beko-bcna275e2s-20078914;77999;https://www.eldorado.ru/cat/detail/vstraivaemyy-kholodilnik-beko-bcna306e2s/;89999;https://www.dns-shop.ru/product/3559c411180b1b80/vstraivaemyj-holodilnik-beko-bcna306e2s/;70299;https://www.citilink.ru/product/vstraivaemyi-holodilnik-beko-diffusion-bcna306e2s-belyi-1375091/;89999;https://market.yandex.ru/product--bcna306e2s/1780738164?sku=539575033&uniqueId=898194&do-waremd5=YTqB-tqjdtEcLmSyYJ-RYg&cpc=4zxnwIZ8orpG2IQ3xks5166VA4zu7e-oIndB13YpynWyHNEsAq51cBh1z6FUKDPoDrDb41eBRUY5ivANGQhG6gRzJbCuJZvh3OXPeYMeX43fBq-Vd5Ohiq7mJhmUhnSYtyOqj1gMaWoLGIsJyzpH4KoIbQXAATRQTfwc6Q2I7N_36aGMbtn0LK4m4aoxQ0DlU3Y8cTJLWawQ0TcQeZJvP-aY5Mz0DB0tzsJxgHiOM2vLPWiQLQJ_iByvmtNRYvWjOblOyDOp4bifDh_qUJpV5hTDpfq38zZJqCLIpErvYpNvZ_XyY4QUafW1CccHSBME5UKDpdqHPVzYLcBNcMph29x4BSiC36ajbWBIpJx5qQGzY4_48hmwtXRa9VyguE6PUp9D2UJ6uc3opcXhIbgwlUdc-ng9DFdPU-TAXrrdk0UjS-VR4_IFFhelUCcoO98Sr9qWeEJxMEINe0X7GrtWjoWjG4-NLusnyS_4fx-RmH-N4kmByNTXucIdc8x9AnG3;71303
Встраиваемый морозильник Hyundai HBF 0810;Морозильники встраиваемые;https://www.mvideo.ru/products/vstraivaemyi-morozilnik-hyundai-hbf-0810-400341457;40590;https://www.eldorado.ru/cat/detail/vstraivaemaya-morozilnaya-kamera-hyundai-hbf-0810/;40590;https://www.dns-shop.ru/product/2ffe2f3cc141dbd4/vstraivaemyj-morozilnyj-skaf-hyundai-hbf-0810/;40499;https://www.citilink.ru/product/morozilnaya-kamera-hyundai-hbf-0810-belyi-1773499/;33870;https://market.yandex.ru/product--morozilnaia-kamera-vertikalnaia-vstraivaemaia-hyundai-hbf-0810-belaia/1155695593?sku=4379198511&uniqueId=16258215&do-waremd5=hfdcqujZN0uVF0p3XoqYzg&sponsored=1&cpc=xHKQU-FQmD4h49_aT6-JT6FcouEsvpv97omF03SNKtHqEKyN0deZF-u__I_ITrnI9ZczyoqKicE0Qy6Nh5fTee6U8h-Xfrcm4hu0dgUykMZgcukKJ778OoZsRiY8Tj9wq9hlT8QZJYiigI-JuGTBUbnABJRNJW1nxSGrbvmG9JCsC2awtdNWBRw2w2buT1FCm1ohzrIq5j2oYglW7nIknl38L-EHbfm3YMJo18BGM2DGijpFep6Tad14l6KDeH4y-S6H4BJIGgOYXb2PSciJinmJAb7v57UOFaMDRSjQcRLN5P8_le-XTzqsFbYrfkAwQ5XbTEm6VWHDruan5jqrjzFIhmn2TKCl2kbF-jF1b8J6QYZbmi64ytnPFMufMjsqoGTiIoGzoqDnVrgGlyQsBlIS_0VHmxaRmT3dMvhTfDl9exENvcie9PH5_kLhPveEIV6wFipK2XdZ7k1s7q-tDkvLRrbSHgmYRu5ArF7IXBwVS8qhyrivI_tcrdVCTLwo-7Fe1pvx2-EUWnkBO6U0Xc4Df0nkuh0fk2wogsT4dII%2C;46990
Встраиваемый морозильный шкаф Beko BU 1200 HCA;Морозильники встраиваемые;https://www.mvideo.ru/products/vstraivaemyi-morozilnik-beko-bu-1200-hca-4192372;39990;https://www.eldorado.ru/cat/detail/vstraivaemyy-morozilnik-beko-bu-1200-hca/;39999;https://www.dns-shop.ru/product/e0fb5a56ffbc615e/vstraivaemyj-morozilnyj-skaf-beko-bu-1200-hca/;39999;https://www.citilink.ru/product/morozilnaya-kamera-beko-bu1200hca-belyi-306424/;39999;https://market.yandex.ru/product--bu-1200-hca/1778128790?sku=6081030&uniqueId=1127615&do-waremd5=3fRoB1hYCfqCxzA0XXja5Q&sponsored=1&cpc=NkpX0BHEbXjSfO_80RDIixMrKFKFLFgFD1WOqxgHtV1GDQjoL4As5YVka4iaLKQmT8zKozXTiVorGVcq0o9DkRXTRFEZoTP_rOtz725puaez9cKtQpr6Q5Pk2NPMYe8FI3WPk6KlP5CYoap6df93T70mBoMuN6ofE_42B5KSej2sZXutF55L1lBxyj3GMP0ee-UaZjKhGAZx6mhrviTymaJw4SmlFYEK70lhz8NkHtwrdHPADsQTM4mfL-GRAGSvqYrYdSJgjYmT7Oy8yKqzOcMDA_3cmKthfGuUha3vxL5RQEk9CYEKvgOyLwS-NiA73kIZAqfmZYKv7pHUSZiS5573UJZ1agKAgTL2mb6ClOUBuXYV4SD2p3unb7wwbDR0NL50PxxKAvR83pcUrqPxEErDpq4FSOAkf-cKr-6MTrYvG6WyrNzLVRPRVas2NpJREqn-tamJGX0g47_It4jwtPB9Q6cY3i2n5V2RxKkkSvM8KMDsYWbTpVC7KiPmlYyM02sjyLEdfrVbxcVQmZsipNGesuWqselZ7AsTR1cEIrc%2C;38999
Кофемашина Delonghi Rivelia Perfetto EXAM440.55.G;Кофемашины капсульного типа;https://www.mvideo.ru/products/kofemashina-avtomaticheskaya-delonghi-rivelia-perfetto-exam44055g-400342683;114129;https://www.eldorado.ru/cat/detail/kofemashina-delonghi-rivelia-perfetto-exam440-55-g/;114129;https://www.dns-shop.ru/product/469033c1ade9975d/kofemasina-avtomaticeskaa-delonghi-exam44055g-seryj/;55490;https://www.citilink.ru/product/kofemashina-delonghi-exam440-55-g-seryi-2024378/;81300;https://market.yandex.ru/product--dinamica-ecam-350-75-s/14259215?sku=103218023271&uniqueId=174330410&do-waremd5=RipkzuNmWjFufReLqCxspQ&sponsored=1&cpc=IeufRNqX4zbDrS0ul2uoAZ655MG-TTg-Liyct-R-g5AjnB9cYDTEL32dWQGSfexPukzNNL7lImumsSSIwUQO2oUVUFZmxPXJQJcJx8WZpcmzc6h0V2MnNFYP4bQJn9b_KsIYVhKvYS3MdGBzmKUblwEBbICRP6Ff7QpOiT9k5-k-iejFgTHkoR9tUQ2WTss4MMwa9i7U60rnI_MdiW-qFpOmhkvvbIVt4f8q2EtJtUx9Q2nFISIScrFjaPqWQPSHpmrfA4njgwpyRSo5W_COBhPIczYnVd6xbx8GOnwhpx4qMk8Aj_y9dH1EN9F4otoOP9GddpE-J_p8z38vFlXXvhak3q3NXvgcBLL4w1YNAk5yiU5AzhtbzurTEiyLWcKvH00IzG1uEXhRZe5qudgMK0c5nKbyfydN4wqWDHnPAw60uNzuKokDdWJK3JiLVxq2hDVH4gqbFaOYG54Pwot9xsZjMrt1PxNl84C8cJZpe7829spz2DVigaYzkPckhxcwd28_9OcMuSr5zgRhg-Tj5q-nZb7BHzlo;75520
Кофемашина капсульная Kitfort КТ-7462;Кофемашины капсульного типа;https://www.mvideo.ru/products/kofemashina-kapsulnogo-tipa-dolce-gusto-kitfort-kt-7462-400389328;10870;https://www.eldorado.ru/cat/detail/kofevarka-kapsulnaya-kitfort-kt-7462/;10590;https://www.dns-shop.ru/product/ccf3d8345ddf9892/kofemasina-kapsulnaa-kitfort-kt-7462/;10590;https://www.citilink.ru/product/kofemashina-kitfort-kt-7462-1450vt-sinii-chernyi-2059191/;10590;https://market.yandex.ru/product--kofevarka-3-v-1-kitfort-kt-7462/882470370?sku=103763899168&uniqueId=920840&do-waremd5=0L6iH8RC-ud7TmBs2SKCKg&sponsored=1&cpc=PsMaq7RGsJ6FgihgISpXkCk6ivWIY8MEEM8G4wAXG9GeVe7MW4UISgnDTfxo5nyuzk0i8D_P7m-l033hyfu1eQYGgSXlo_2-IVNAoJ8DqHNU2QeA83lfFA5lKYiTvEJevXx4Xsq3v_4PQOi_EfshB5dDnzVbKWK2ByaPHSaFTY2IskM4OSel0d_xzoPFgobS_d2vXHzpliVHCx6k3cA4OsDPRZzLR9bxNV2VHKXVNr44JpcBKXv5Sl12971Ck4H5CLYUjnWx7lTwcJG1PLkvoUSgEp-QxO9C6LwU5luiQ7RgpcLs0_fQ070LSdhG9_XuOVq-T6lEZSfJfo6dvkywkEvzw4x5edUM0n-OvWMmhlzhHgzsZlF1ocWbffFVXqSBDGWfg7AdLO55vcWdIoS0CYvifzM9owPVzaa8jWKRwDNfD_g0AIYU9XVhufkdqmUO86c7ZRJ4WybKEnttwhMearrap2iZmuhSu29P7LVp38yAxD3J2UPGKSYsPhD4jryeUCgCYKQIe3wuPaFRIW22gA%2C%2C;10378
Кофеварка капсульная Kitfort КТ-7192;Кофемашины капсульного типа;https://www.mvideo.ru/products/kofevarka-kapsulnogo-tipa-kitfort-kt-7192-400297831;10990;https://www.eldorado.ru/cat/detail/kofevarka-kapsulnaya-kitfort-kt-7192/;9990;https://www.dns-shop.ru/product/d2a70dd492e48565/kofemasina-kapsulnaa-kitfort-kt-7192/;9999;https://www.citilink.ru/product/kofemashina-kitfort-kt-7192-1450vt-serebristyi-chernyi-2018317/;9990;https://market.yandex.ru/product--kofevarka-kitfort-kt-7192/868758114?sku=103645773056&uniqueId=920840&do-waremd5=uWpysm5Fpz3Sp-ADVN5l9w&sponsored=1&cpc=PsMaq7RGsJ6YrKo2tLIA9fCGoXtS9W4Mdp0wtmGvxZS4DvDO91PTCglWgNiDRGcKaqPTQtPvkuM6lsDsLSwq90Xu-0saE66T3K-SGRjybKNyU6WfAt6huJbAZgeTRTQt5WUyFHjyDRf3m4iV6Ui_Kt_bDVfS8UTmo7eWNehQbamtUMRseUQVN7XiPK6RoqWTnsuys3nHqATwyElUuB2oSE4vTjroQzKCuGr337BhGYRd9UyH2iy-o9V3wXaILKFIVYAQAdyZZoizOcuos7argMNBxnox7l1Onoh47WOiyJmMTn5YrOBdV6_tIoc1OE5Pl4hQpXuJNz6SxRB1UuBYNwLl-kDqP3D5ppi_UbwvT64Fx-bhO-yUnHI9RzTPIIFtye6ydQp8ADWthU34qrTnbyHtUfuekgzdbiVW27uBlKPn2P2gbzu86G80LTQpFljBElblfNADXWaJJxVH_EwF3z8200VZ0H4pIQ5znmvGCJjpM3F36PdtVZAZixkvDvylQR9qao1hHfTNdtNlrhbB3wVnqnhe-99pJgiWyAEqtXM%2C;9790
Кофеварка KitFort КТ-728;Кофеварки;https://www.mvideo.ru/products/kofevarka-kapelnogo-tipa-kitfort-kt-728-4203044;3790;https://www.eldorado.ru/cat/detail/kofevarka-kapelnaya-kitfort-kt-728/;3790;https://www.dns-shop.ru/product/390e590d53983330/kofevarka-kapelnaa-kitfort-kt-728-cernyj/;3399;https://www.citilink.ru/product/kofevarka-kitfort-kt-728-kapelnaya-chernyi-serebristyi-1376875/;3790;https://market.yandex.ru/product--kt-728/655025274?sku=100884840035&uniqueId=920840&do-waremd5=CaSi4Ds9ukgUjU2CaOWP_g&sponsored=1&cpc=ivGNyrzXF-2WBsaaYQ8_7_HNIA7SxkjN-Mcw5CEf0QkjOfiM_7B6R-gRakyu5FafJAK1LGnmush0frcwB24e3jEp-LnPWH6iJBYspwVkyJ7K-IXgU9CQaEovYsMuwVnxVOus7Py1KELbKy00y3UnfJKGNdNYpUMB4toBpO4ur9NGHijiRiO2v9X4NvU9gpAtKVxVodjHU4dZRpa1jVb0yjmPVpV8COLEB8VfsAS2Stm95SF5YZvH4deYW5j_0Cy9DU1TUOD5caujjiN_JYBBRfpPcq05ZZM5p0_qyqcheT0BkjhqjvUcALqrN7liezcV_KUD99DhQ3oU1lRrVtxBTUm81Zy2FjAK5uUWk6ozVjF6l1Hw7aCMQFCmeUZvWOMRr629Z4EChDCQjezsRsICnZT7eE6kwovTeTlEfpaqaabScx9Hw7f1UX7okjCcgrjwB6woVkJA-4Z1jqE0v_6_n8jmW2mTypitI4S80bSqx8G-eSFe5Nyvk79tLVxAqRGD-fmQ-hkwaZM0nEZOVap66dKCKql7ZkCvMWKfH3CjZDU%2C;3741
Кофеварка рожкового типа Kitfort КТ-7321;Кофеварки;https://www.mvideo.ru/products/kofevarka-rozhkovogo-tipa-kitfort-kt-7321-400376388;37900;https://www.eldorado.ru/cat/detail/kofevarka-rozhkovaya-kitfort-kt-7321/;37990;https://www.dns-shop.ru/product/5a67ef306e329886/kofevarka-rozkovaa-kitfort-kt-7321-serebristyj/;35950;https://www.citilink.ru/product/kofevarka-rozhkovaya-kitfort-kt-7321-2800vt-nerzhaveyuschaya-stal-cher-2059221/;37990;https://market.yandex.ru/product--kofeinaia-stantsiia-kitfort-kt-7321/633948827?sku=103520375686&uniqueId=920840&do-waremd5=v1R470A0Xwk3IRqIRoLlOw&sponsored=1&cpc=5VRL67avWz5aLCrMwM0YAhxoRVyfh3fRwxpvA_3uV-r5YBRXic2mpxG3WBOzg_RWK5nN-fNuiXvxfKhpuXxu6DLDY5Q5qhYOcXFSrtrdfVv6UtLrVqYMzOwmj8DoLgiFmwA1IjyG9kWXKfXAUUdCI6QN6r8UNcI3iXSmPjH9BnJHSdUjVfu2pEk8ytw23VyM6zbtlI32PPOCz0T921WUMuBgykBQjGiSzpe2jLwu9uMoFDsabcl53XQGjU4YVVirgNfZrlbltxzSqZN_2drUOEQ4Hm7ftxdZl1G87GXb0SXaGCW8vginWPvKYtjEzxnq1_sT5oDXZxQzwJpD91Lsn26etioL8voiN63xAoQBj5mY60xDhKZw-wzx7uYwShwsurqYFKi0S2dQu5sFp1MiYRpgGon8cH-OMwWP7EmIUAR2LsmQnTBV-gIn5-JVwQIivsjSMsvrxns0b_6k6NsZ0-Y7Z0NFmmOTRF-JtJDW4-VHCO2jgU5-k_F5huFe4ZyMxQPM9TBWX7ZzWBL5oUIG1hdSZLA6pIRhFxDZX7_-kgo%2C;32990
Кофеварка рожкового типа Vitek VT-1517;Кофеварки;https://www.mvideo.ru/products/kofevarka-rozhkovogo-tipa-vitek-vt-1517-400062340;19899;https://www.eldorado.ru/cat/detail/kofevarka-rozhkovaya-vitek-vt-1517/;19899;https://www.dns-shop.ru/product/7903abce61d4b0b7/kofevarka-rozkovaa-vitek-vt-1517-koricnevyj/;12599;https://www.citilink.ru/product/kofevarka-vitek-vt-1517-2034531/;18490;https://market.yandex.ru/product--vt-1517-bn/10997721?sku=100352900810&uniqueId=924877&do-waremd5=Ttp27UsJzoga_c7KdwNoMw&sponsored=1&cpc=ZpDV3fLTspTPMTHV3RKCbl2QDhv1vyfU73Khs2CpSZJmlO7vP5syppAKHVacgiX1dL1f0NdY-MUA99FVKBkYzm7vcZSUBJYr18P8IvThHOGIDqDL3Rzs0AYDudCFAAiW_B9XqEmMVRHw-E3AYidlQpxpnQf5I9ssudbkAbTaP2O_4IP_y2kfNRW1rx6vxE_9AiC9JfIjHEclDxAdMVongtd7OsOKyFyWr85IvUnoXcV7tBe2bb15WeXib8u0SYDVyT85GOQWSXqK6cau5bYF0iRFWzYbcsuxunRUwU6nr2vhUhkPFuIBIkB8LDEwgRv3E46ZOL5ADxItQEhVDUp9m10Nn0MGDWokKPxIlwEdq7mzzhkwfx7FP5cTziTpU-U_k2JEL6moaFrlaBHRN1bJW0qO8nWkdTxCFGIOVt6vyOx4momwK4h7X2QcwWjzfP4dB9gw94r_eZUG7e8uCdo6ZkyaWX0nt0J5eJFa_1QJrH_7dOACIKjoIplFac0vXwSuQYcJikS8Z3nkeHbQR9dvpJxsYtU3wjvPuHnb3ZEyfKA%2C;12814
Кофемолка Kitfort КТ-787;Кофемолки;https://www.mvideo.ru/products/kofemolka-kitfort-kt-787-400036344;5690;https://www.eldorado.ru/cat/detail/kofemolka-kitfort-kt-787/;5690;https://www.dns-shop.ru/product/61c3b6279707a8e4/kofemolka-elektriceskaa-kitfort-kt-787-cernyj/;5799;https://www.citilink.ru/product/kofemolka-kitfort-kt-787-chernyi-1893673/;5490;https://market.yandex.ru/product--kofemolka-kitfort-kt-787/1816212834?sku=101935526652&uniqueId=920840&do-waremd5=2i6_grG0-iclRi4R01Gj1g&sponsored=1&cpc=5qXt3mH1GjTRrrLKYKAu6vXL9RreZdWbXhUEwrq6lNH4GtYs5kKHVxq9do69yqhEDoohMp-g9mizWr0d3ISX5qXDB0mCBakqMRZu2l4TRECzfAcjgXQoyEF96zKCtNkyuybpBJVinGzGTTmEu02gePWv_yC7Vks3kZoIP-THTDKSDUaqzHvAP0N33jIkQQ2lMMaQ1HvQNsmnz0UcjU16oeYVNSjWRhY_pjTxVN2bQyfdEHaBXYIMcN89PLlyHg_HSUb-BBok_M4zjyrvhxYk4Lyut5l5k5d-hZ5Vjp_Rcl7UZ85qyyrxKX4WIfGp-K9ni7MIX_hGEJ2FOlNhqdVeIQ1dxjoVHT2_KlnO2xhj6K6BRpHndvck6bYngDVBD_4gNb3ewuHyKpbdrdZ3ddeyRyPj1CoI7ru1fFYYfgSmWdZ9LYif0kFUoUgZWHFmYCdddeXC9v1SDwI9PKfDQE98uQg_9qmAJINRWR2567m9uMi5pwHDiu8uDSPYZWH8EuGhO0e-_3oVqkp7idXYlKR2DiIPaldJbhkBzInkyeAen5E%2C&resale_goods=resale_new;5576
Кофемолка Starwind SGP4421;Кофемолки;https://www.mvideo.ru/products/kofemolka-starwind-sgp4421-4196810;1390;https://www.eldorado.ru/cat/detail/kofemolka-starwind-sgp4421-74522956/;1190;https://www.dns-shop.ru/product/dbde15287bc13330/kofemolka-elektriceskaa-starwind-sgp4421-cernyj/;1390;https://www.citilink.ru/product/kofemolka-starwind-sgp4421-chernyi-347071/;1390;https://market.yandex.ru/product--kofemolka-starwind-sgp4421/230035704?sku=103199659332&uniqueId=924877&do-waremd5=7t4WZ56Fq0zKe0J8kIzF1w&sponsored=1&cpc=gW_RUvtoHzawtE_EHWW8-gqS0YIGpzTaBCwzFPGdAaE0m_0ajPgpCMRA7c2lgCDHgf0Ih-FPzo0m6S7kB-8GZhSfDcTADlzrg2fR0Rf82-Vp-xzJZZWXq6d_-ekKnlenEo4QA8omoEOQdrrR9UlhRrObLGveh1UJRPsV6VBPoTWeicRKA34dt-ikEu7lia_c_-ZXvNzIjqWYLfpzC9KFDsUcb93n1yxwTARr0iiU7d6Kmv9ZuOPssf8Wdg4nRHib9lRo7NDtOHxATAmin3isUXz2zswPL0veD7q4N043Bkbmfw_ZCo8t6fmCDTpESere6N5Ip_CkiwmJb2qEhSKt40oeINv-LxiAUrf8ef-O74c_fQ_9dSa84sOhgOYItFzEnYOj-QTVaeSZSEIe_ciOG_krUJvPsjrOGbR8OrvUX2-IGIFQC4x4P50NRE3_kdxnHC2EEDBfnlXiOFHVGwE0BDlTDHdtNqvdnD7cVq70BZC5kCoookfEgtRbpM-HjvD5867onY9JCUrVnxUAZQnyQw%2C%2C;1952
Кофемолка Kitfort КТ-1329;Кофемолки;https://www.mvideo.ru/products/kofemolka-kitfort-kt-1329-400334694;2990;https://www.eldorado.ru/cat/detail/kofemolka-kitfort-kt-1329-590334694/;2990;https://www.dns-shop.ru/product/67c1722219433330/kofemolka-elektriceskaa-kitfort-kt-1329-serebristyj/;2999;https://www.citilink.ru/product/kofemolka-kitfort-kt-1329-serebristyi-1118028/;2990;https://market.yandex.ru/product--kt-1329/333551000?sku=100561422916&uniqueId=920840&do-waremd5=-wSoAjdTnppY6wS5xdAzjg&sponsored=1&cpc=Drc-rVyRGxeVCYr21a6BWvnnYoAH_grprBpohS-JKaNZ69mfqYS1uMneqCl-wyJLtlf3RiSd7EraPXaDXZjtqRCR-cmjman20gxXZ6HW6_NGXlVhkgbpn1pjoho9AxF4WBdTYKrVxqKmb7cGukNlwAUTOYZYnDOEEtTYMOwpUSfSP4nGDenHEj96Itjl3op48Jkt12bpyjMr34-SfQVZ__anBOj6ApztKJ9vqmpoBSHfARxmNAuI2CaW57MTxgj_K9AJa-SSlHVHYtqL1MbvxLi9jcEG51eWY3MmjZGEG8Xx7-VKpG2BM11RH7WOsr1ZES8st8BVo2Jj59Rit2im6HoOLNmgQ9EG3LKkxkHA3HPvUF6SwEIOULp3P_zCKAWmACvBxhS1cJwAGjykgIctRYaQ0zKu5lpFGdfFjz53blXTFQWk6ViFknNQL2fYLuiv6zz6g8kvybl5k2nTlktt3Rhf-bV4H21mNtstP3MK5GAlXTISYD0qejVcIKBYeQlB4B69ezzzaRXsdI604DjyZs1xiev7rhmrx4rcUSljW-Y%2C&resale_goods=resale_new;2930
